kanji,strokes,group,rhyme,onyomi,kunyomi
一,1,一,r4,"イチ, イツ","ひと, ひとつ"
七,2,一,r4,シチ,"なな, ななつ, なの"
丁,2,一,p19,"チ, チョウ, チン, テイ, トウ",ひのと
下,3,一,s7,"カ, ゲ","くだす, おりる, おろす, くださる, くだす, くだり, くだる, さがる, さげる, した, しも, もと"
三,3,一,p1D,"サン, ゾウ","み, みつ, みっつ"
三,3,一,q28,"サン, ゾウ","み, みつ, みっつ"
上,3,一,s22,"シャン, ショウ, ジョウ","あがり, あがる, あげる, うえ, あがり, あがる, あげる, うえ, うわ, かみ, たてまつる, のぼす, のぼせる, のぼり, のぼる"
万,3,一,q14,"バン, マン",よろず
丈,3,一,s22,ジョウ,"たけ, だけ"
与,3,一,s6,ヨ,"あずかる, あたえる, くみする, ともに"
不,4,一,r5,"フ, ブ",
世,5,一,q8,"セ, セイ, ソウ",よ
丘,5,一,p1B,キュウ,おか
且,5,一,s21,"ショ, ショウ, ソ",かつ
且,5,一,p6,"ショ, ショウ, ソ","おおい,つつましい"
丙,5,一,s23,ヘイ,ひのえ
両,6,一,s22,リョウ,"てる, ふたつ"
並,8,一,s24,"ヘイ, ホウ","なみ, なみ, ならびに, ならぶ, ならべる"
乙,1,乙,r4,"イツ, オツ","おと, きのと"
九,2,乙,s25,"キュウ, ク","ここの, ここのつ"
乞,3,乙,r5,"キ, キケ, キツ, コチ, コツ",こう
乱,7,乙,q15,"ラン, ロン","おさめる, みだ, みだす, みだる, みだれる, わたる"
乳,8,乙,s7,ニュウ,"ち, ちち"
乾,11,乙,pE,"カン, ケン","かわかす, かわく, ひる, ほす"
乾,11,乙,p11,"カン, ケン",いぬい
中,4,丨,p1,チュウ,"うち, なか"
中,4,丨,q1,チュウ,あたる
串,7,丨,q16,"カン, ケン, セン","くし, つらぬく"
丸,3,丶,pE,ガン,"まる, まるい, まるめる"
丹,4,丶,pE,タン,に
主,5,丶,s7,"シュ, シュウ, ス","あるじ, おも, ぬし"
丼,5,丶,s23,"ショウ, セイ, タン, トン",どんぶり
了,2,亅,s17,リョウ,
予,4,亅,p6,"シャ, ヨ",われ
予,4,亅,s6,"シャ, ヨ",あらかじめ、あたえる
争,6,亅,p18,ソウ,"あらそう, いかでか"
事,8,亅,q4,"ジ, ズ","こと, つかう, つかえる"
久,3,丿,s25,"キュウ, ク",ひさしい
乏,4,丿,r17,ボウ,"とぼしい, ともしい"
乗,9,丿,p1A,"ショウ, ジョウ","のり, のせる, のる"
乗,9,丿,q25,"ショウ, ジョウ",のりもの
円,4,冂,p11,エン,"まど, まどか, まる, まるい, まろやか"
内,4,冂,q11,"ダイ, ナイ",うち
冊,5,冂,r11,"サク, サツ",ふみ
同,6,冂,p1,ドウ,おなじ
再,6,冂,q11,"サ, サイ",ふたたび
人,2,人,pB,"ジン, ニン","と, り, ひと"
今,4,人,p1C,"キン, コン",いま
化,4,人,q22,"カ, ケ","けする, ばかす, ばける, ふける"
仏,4,人,r5,"フツ, ブツ",ほとけ
仁,4,人,pB,"ジン, ニ, ニン",
介,4,人,q10,カイ,
仕,5,人,s4,"シ, ジ",つかえる
他,5,人,p15,タ,ほか
代,5,人,q11,"タイ, ダイ","がわり, がわり, かえる, かわり, かわる, かわり, かわる, しろ, よ"
以,5,人,s4,イ,もって
付,5,人,q7,フ,"つき, つけ, つける, つき, づき, づく, づけ, づける, づき, づけ, つき, つく, つけ, つけ, つける"
令,5,人,p18,レイ,もし
令,5,人,q24,レイ,しむ
仙,5,人,p11,"セン, セント",
休,6,人,p1B,キュウ,"やすまる, やすむ, やすめる"
会,6,人,q9,"エ, カイ","あう, あわせる, あつまる"
仲,6,人,q1,チュウ,なか
伝,6,人,p11,"テン, デン","づたい, つたう, つたえる, つたわる, つだう, つて"
伝,6,人,q17,"テン, デン",
仮,6,人,s21,"カ, ケ","かり, かり"
件,6,人,s16,ケン,くだん
任,6,人,q27,ニン,"まかす, まかせる"
仰,6,人,s22,"ギョウ, コウ","あおぐ, おっしゃる, おおせ, おっしゃる"
企,6,人,s4,キ,"くわだてる, たくらむ"
企,6,人,q4,キ,"くわだてる, たくらむ"
伐,6,人,r6,"カ, ハツ, バツ, ボチ","うつ, きる, そむく"
伏,6,人,r1,フク,"ふす, ふせる"
伎,6,人,q4,"キ, ギ","わざ, わざおぎ"
何,7,人,p15,カ,"なに, なに, なん, なん"
作,7,人,q21,"サ, サク","づくり, つくり, つくる"
体,7,人,s8,"タイ, テイ","かたち, からだ"
住,7,人,q7,"ジュウ, チュウ, ヂュウ","ずまい, すまう, すむ"
位,7,人,q4,イ,"くらい, ぐらい"
低,7,人,p8,テイ,"ひくい, ひくまる, ひくめる"
似,7,人,s4,ジ,"にる, ひる"
余,7,人,p6,ヨ,"あます, あまり, あまる, あんまり"
伺,7,人,q4,シ,うかがう
伸,7,人,pB,シン,"のす, のばす, のびる, のべる"
伴,7,人,s14,"ハン, バン",ともなう
佐,7,人,s20,サ,
但,7,人,s14,タン,ただし
伯,7,人,r11,ハク,
使,8,人,s4,シ,"つかい, づかい, つかい, つかう"
命,8,人,q24,"ミョウ, メイ",いのち
例,8,人,q8,レイ,たとえる
価,8,人,q22,"カ, ケ",あたい
舎,8,人,s21,"シャ, セキ",やどる
供,8,人,p2,"キョウ, ク, クウ, グ","ども,ささげる, とも"
供,8,人,q2,"キョウ, ク, クウ, グ","ども, そなえる, とも"
依,8,人,p5,"イ, エ",よる
佳,8,人,p9,カ,
侍,8,人,q4,"シ, ジ","さむらい, はべる"
侮,8,人,s7,ブ,"あなずる, あなどる"
併,8,人,s24,ヘイ,あわせる
係,9,人,q8,ケイ,"がかり, かかる, かかわる, かかり"
信,9,人,q12,シン,
便,9,人,q17,"ビン, ベン",たより
便,9,人,p11,"ビン, ベン",やすい
保,9,人,s19,"ホ, ホウ",たもつ
侵,9,人,p1C,シン,おかす
俗,9,人,r2,ゾク,
促,9,人,r2,ソク,うながす
侯,9,人,p1B,コウ,
俊,9,人,q12,シュン,
侶,9,人,s6,"リョ, ロ",とも
倍,10,人,s10,バイ,
候,10,人,q26,コウ,そうろう
借,10,人,q22,シャク,かりる
倉,10,人,p17,ソウ,くら
個,10,人,q21,"カ, コ",
修,10,人,p1B,"シュ, シュウ","おさまる, おさめる"
俵,10,人,q18,ヒョウ,たわら
値,10,人,q4,チ,"あたい, ね"
俳,10,人,p9,ハイ,
倒,10,人,s19,トウ,"だおれ, さかさ, さかさま, さかしま, たおす, たおれる"
倹,10,人,s28,ケン,"つづまやか, つましい"
倣,10,人,s22,ホウ,ならう
俸,10,人,q2,ホウ,
倫,10,人,pB,リン,
俺,10,人,q29,エン,"おれ, われ"
健,11,人,q14,ケン,すこやか
側,11,人,r13,ソク,"かわ, がわ, そば"
停,11,人,p19,テイ,"とまる, とめる"
偶,11,人,s25,グウ,たま
偽,11,人,q4,"カ, ギ","いつわり, いつわる, にせ"
偵,11,人,q24,テイ,
偵,11,人,p18,テイ,
偏,11,人,p11,ヘン,かたよる
備,12,人,q4,ビ,"そなえる, そなわる, つぶさに"
偉,12,人,s5,イ,えらい
傍,12,人,p17,ボウ,"おか, かたわら, そば, はた, わき"
傍,12,人,q23,ボウ,"おか, かたわら, そば, はた, わき"
傘,12,人,s14,サン,かさ
傷,13,人,p17,ショウ,"いたむ, いためる, きず"
傾,13,人,p18,ケイ,"かしげる, かたげる, かたぶく, かたむく, かたむける"
僧,13,人,p1A,ソウ,
催,13,人,pA,サイ,"もようす, もよおす"
債,13,人,q10,サイ,
傑,13,人,r9,ケツ,すぐれる
僅,12,人,q12,"キン, ゴン",わずか
傲,13,人,q20,ゴウ,"あなどる, おごる"
像,14,人,s22,ゾウ,
僕,14,人,r1,ボク,しもべ
僚,14,人,p12,リョウ,とも
僚,14,人,s17,リョウ,うるわしい
億,15,人,r13,オク,
儀,15,人,p4,ギ,
舗,15,人,p7,ホ,ひろげる
舗,15,人,q7,ホ,みせ
儒,16,人,p7,ジュ,
優,17,人,p1B,"ウ, ユウ","すぐれる, まさる, やさしい"
償,17,人,q23,ショウ,つぐなう
償,17,人,p17,ショウ,つぐなう
二,2,二,q4,"ジ, ニ","ふた, ふたつ, ふたたび"
五,4,二,s7,ゴ,"いつ, いつつ"
互,4,二,q7,ゴ,"かたみに, たがい"
井,4,二,s23,"ショウ, セイ",い
亜,7,二,q22,ア,つぐ
十,2,十,r14,"ジッ, ジュウ, ジュッ","そ, と, とお"
千,3,十,p11,セン,ち
午,4,十,s7,ゴ,うま
升,4,十,p1A,ショウ,ます
半,5,十,q15,ハン,なかば
協,8,十,r16,キョウ,
卒,8,十,r4,"シュツ, ソツ","おえる, おわる, そっする, ついに, にわか"
卓,8,十,r3,タク,
南,9,十,p1D,"ナ, ナン",みなみ
南,9,十,p1C,"ナ, ナン",みなみ
単,9,十,pE,タン,ひとえ
卑,9,十,p4,ヒ,"いやしい, いやしむ, いやしめる"
博,12,十,r10,"ハク, バク",
凶,4,凵,p2,キョウ,
出,5,凵,q4,"シュツ, スイ","だす, で, いだす, いでる, だす, でる"
凹,5,凵,p13,オウ,"くぼむ, へこむ, ぼこ"
凹,5,凵,r17,オウ,"くぼむ, へこむ, ぼこ"
凸,5,凵,r6,トツ,でこ
元,4,儿,pD,"ガン, ゲン",もと
兄,5,儿,p18,"キョウ, ケイ",あに
先,6,儿,p11,セン,"さき, まず"
光,6,儿,p17,コウ,"ひかる, ひかり"
兆,6,儿,s17,チョウ,"きざし, きざす"
充,6,儿,p1,ジュウ,"あてる, みたす"
売,7,儿,q10,バイ,"うる, うれる"
児,7,儿,p4,"ゲイ, ジ, ニ","こ, っこ, こ"
克,7,儿,r13,コク,かつ
免,8,儿,s16,メン,"まぬかれる, まぬがれる"
党,10,儿,s22,トウ,"なかま, むら"
入,2,入,r14,"ジュ, ニュウ","いり, いる, いれ, いる, いれる, はいる"
全,6,入,p11,ゼン,"すべて, まったく"
八,2,八,r8,"ハチ, ハツ","や, やつ, やっつ, よう"
六,4,八,r1,"リク, ロク","む, むつ, むい, むっつ"
公,4,八,p1,"ク, コウ",おおやけ
共,6,八,p2,キョウ,そなえる、したう
共,6,八,q2,キョウ,"ども, とも, ともに"
兵,7,八,p18,"ヒョウ, ヘイ",つわもの
具,8,八,q7,グ,"そなえる, つぶさに"
典,8,八,s16,"テン, デン","のり, ふみ"
兼,10,八,p1E,ケン,"かねる, かねる"
力,2,力,r13,"リイ, リキ, リョク",ちから
加,5,力,p16,カ,"くわえる, くわわる"
功,5,力,p1,"ク, コウ",いさお
幼,5,力,q26,ヨウ,おさない
劣,6,力,r9,レツ,おとる
助,7,力,q6,ジョ,"すける, すけ, たすかる, たすける"
努,7,力,s7,ド,つとめる
労,7,力,p14,ロウ,"いたずき, いたわる, つかれる, ねぎら, ねぎらう, ろうする"
労,7,力,q20,ロウ,"いたずき, いたわる, つかれる, ねぎら, ねぎらう, ろうする"
励,7,力,q8,レイ,"はげます, はげむ"
効,8,力,q19,コウ,"きく, ききめ, ならう"
劾,8,力,q11,ガイ,
勇,9,力,s2,ユウ,いさむ
勅,9,力,r13,チョク,"いましめる, みことのり"
勃,9,力,r6,"ホツ, ボツ","おこる, にわかに"
勉,10,力,s16,ベン,つとめる
動,11,力,s1,ドウ,"うごかす, うごく"
務,11,力,q7,ム,つとめる
勘,11,力,q28,カン,
勝,12,力,p1A,ショウ,"がち, かつ, かつ, すぐれる, まさる"
勝,12,力,q25,ショウ,"がち, かつ, かつ, すぐれる, まさる"
勤,12,力,pC,"キン, ゴン","づとめ, いそしむ, つとまる, つとめる"
募,12,力,q7,ボ,つのる
勢,13,力,q8,"セイ, ゼイ","いきおい, はずみ"
勧,13,力,q14,"カン, ケン",すすめる
勲,15,力,pC,クン,いさお
亡,3,亠,p17,"ボウ, モウ","ない, なき, ほろびる, ほろぶ, ほろぼす"
交,6,亠,p13,コウ,"かう, かわす, かわす, こもごも, まざる, まじる, まぜる, まじえる, まじる, まじわる"
京,8,亠,p18,"キョウ, キン, ケイ",みやこ
享,8,亠,s22,"キョウ, コウ",うける
亭,9,亠,p19,"チン, テイ",
商,11,亠,p17,ショウ,あきなう
厄,4,厂,r11,ヤク,
厚,9,厂,s25,コウ,"あか, あつい"
厘,9,厂,p4,リン,
原,10,厂,pD,ゲン,はら
刀,2,刀,p14,トウ,"かたな, そり"
刃,3,刀,q12,"ジン, ニン","きる, は, やいば"
切,4,刀,q8,"サイ, セツ","きり, きる, きれ, きれる, ぎり, ぎれ, きり, きる, きれ, きれる"
分,4,刀,pC,"フン, ブ, ブン","わかつ, わかる, わかれる, わけ, わける"
分,4,刀,q13,"フン, ブ, ブン",
刈,4,刀,q11,"カイ, ガイ",かる
刊,5,刀,pE,カン,
列,6,刀,r9,"レ, レツ",
刑,6,刀,p19,ケイ,
初,7,刀,p6,ショ,"そめる, ぞめ, うい, はじめ, はじめて, はつ, はつ"
別,7,刀,r9,ベツ,"わける, わかれる"
利,7,刀,q4,リ,きく
判,7,刀,pE,"ハン, バン",わかる
判,7,刀,q15,"ハン, バン",わかる
刷,8,刀,r8,サツ,"ずり, ずり, する, はく"
券,8,刀,q14,ケン,
制,8,刀,q8,セイ,
刻,8,刀,r13,コク,"きざみ, きざむ"
刺,8,刀,q4,シ,"ささる, さし, さす, さし, とげ"
到,8,刀,q20,トウ,いたる
刹,8,刀,r8,"サツ, セチ, セツ",
前,9,刀,p11,ゼン,"まえ, まえ"
則,9,刀,r13,ソク,"すなわち, のっとる, のり"
削,9,刀,r10,サク,"けずる, そぐ, はつる"
帰,10,刀,p5,キ,"おくる, かえす, かえる, とつぐ"
剣,10,刀,q29,ケン,つるぎ
剤,10,刀,p4,"ザイ, スイ, セイ","かる, けずる"
剤,10,刀,q8,"ザイ, スイ, セイ","かる, けずる"
剛,10,刀,p17,ゴウ,
剖,10,刀,s7,ボウ,
剝,10,刀,r3,"ハク, ホク","はがす, はがれる, はぐ, はげる, へぐ, へずる, むく, むける"
副,11,刀,q7,フク,
剰,11,刀,q25,ジョウ,"あまり, あまる, あまつさえ"
割,12,刀,r7,カツ,"さく, わり, わる, われる, わり"
創,12,刀,p17,"ショウ, ソウ","きず, けずしける"
創,12,刀,q23,"ショウ, ソウ","つくる, はじめる"
劇,15,刀,r11,ゲキ,
冬,5,冫,p2,トウ,ふゆ
冷,7,冫,s23,レイ,"さます, さめる, つめたい, ひえる, ひや, ひやかす, ひやす, ひややか"
冶,7,冫,s21,ヤ,いる
凍,10,冫,q1,トウ,"いてる, こおる, こごえる, こごる, しみる"
准,10,冫,s11,ジュン,
凄,10,冫,p8,"サイ, セイ","さむい, すごい, すさまじい"
凝,16,冫,p1A,ギョウ,"こらす, こる, こごらす, こごらせる, こごる"
凝,16,冫,q25,ギョウ,"こらす, こる, こごらす, こごらせる, こごる"
北,5,匕,q11,ホク,きた
又,2,又,q26,ユウ,"また, また, またの"
及,3,又,r14,キュウ,"および, およぶ, およぼす, および"
友,4,又,s25,ユウ,とも
反,4,又,pD,"タン, ハン, ホ, ホン","かえる, かえす, かえる, そらす, そる"
反,4,又,s13,"タン, ハン, ホ, ホン","かえる, かえす, かえる, そらす, そる"
収,4,又,p1B,シュウ,"おさまる, おさめる"
収,4,又,q26,シュウ,"おさまる, おさめる"
双,4,又,p3,ソウ,"たぐい, ならぶ, ふた, ふたつ"
取,8,又,s7,シュ,"どり, とり, とり, とる, とり"
受,8,又,s25,ジュ,"うけ, うかる, うける"
叔,8,又,r1,シュク,
叙,9,又,s6,ジョ,"ついず, ついで"
区,4,匸,p7,"オウ, ク, コウ",
匹,4,匸,r4,ヒツ,ひき
医,7,匸,p4,イ,"いする, いやす, くすし"
医,7,匸,q8,イ,"いする, いやす, くすし"
匿,10,匸,r13,トク,かくまう
去,5,厶,s6,"キョ, コ","さる, さる"
参,8,厶,p1D,"サン, シン","まい, まいる, まじわる, みつ"
冗,4,冖,s2,ジョウ,
写,5,冖,s21,"シャ, ジャ","うつ, うつし, うつす, うつる"
冠,9,冖,pE,カン,かんむり
冠,9,冖,q15,カン,かぶる
冥,10,冖,p19,"ミョウ, メイ",くらい
冥,10,冖,s23,"ミョウ, メイ",くらい
印,6,卩,q12,イン,"じるし, しるす, しるし"
危,6,卩,p4,キ,"あぶない, あやうい, あやぶむ"
卵,7,卩,s14,ラン,たまご
却,7,卩,r10,キャク,"かえって, しりぞく, しりぞける"
即,7,卩,r13,ソク,"すなわち, つく, つける"
卸,9,卩,q22,シャ,"おろし, おろす, おろし"
勾,4,勹,p1B,"ク, コウ","かぎ, まがる"
包,5,勹,p13,ホウ,"くるむ, つつむ"
凡,3,几,p1F,"ハン, ボン","おうよそ, およそ, すべて"
処,5,几,s6,ショ,"こ, おる, ところ"
占,5,卜,p1E,セン,うらなう
占,5,卜,q29,セン,しめる
匠,6,匚,q23,ショウ,たくみ
子,3,子,s4,"シ, ス, ツ","こ, こ, ね"
孔,4,子,s1,"ク, コウ",あな
字,6,子,q4,ジ,"な, あざ, あざな"
存,6,子,pD,"ソン, ゾン","ある, たもつ, とう, ながらえる"
孝,7,子,q19,"キョウ, コウ",
学,8,子,r3,ガク,まなぶ
季,8,子,q4,キ,
孤,9,子,p7,コ,
孫,10,子,pD,ソン,まご
士,3,士,s4,シ,さむらい
壮,6,士,q23,ソウ,さかん
声,7,士,p18,"ショウ, セイ","こえ, こわ"
壱,7,士,r4,"イチ, イツ",ひとつ
口,3,口,s25,"ク, コウ",くち
右,5,口,s25,"ウ, ユウ",みぎ
古,5,口,s7,コ,"ふるす, ふる, ふるい"
台,5,口,pA,"タイ, ダイ","うてな, つかさ, われ"
号,5,口,p14,ゴウ,さけぶ
号,5,口,q20,ゴウ,よびな
史,5,口,s4,シ,
司,5,口,p4,シ,つかさどる
司,5,口,q4,シ,つかさどる
可,5,口,s20,"カ, コク","べき, べし"
句,5,口,p1B,ク,まがる
句,5,口,q7,ク,ことば
召,5,口,q18,ショウ,めす
叱,5,口,r4,"カ, シチ, シツ",しかる
𠮟,5,口,r4,"カ, シチ, シツ",しかる
名,6,口,p18,"ミョウ, メイ","な, な"
合,6,口,r15,"カッ, ガッ, ゴウ","あい, あう, あわせる, あい, あい, あう, あわす, あわせる, あい"
向,6,口,s22,コウ,"むき, むけ, むい, むかい, むかう, むく, むける, むこう, むこう, むかい, むこ"
各,6,口,r10,カク,おのおの
吸,6,口,r14,キュウ,すう
后,6,口,s25,"コウ, ゴ",きさき
叫,6,口,q18,キョウ,さけぶ
吐,6,口,s7,ト,"つく, はく"
吉,6,口,r4,"キチ, キツ",よし
吏,6,口,q4,リ,
君,7,口,pC,クン,"ぎみ, きみ"
告,7,口,q20,コク,つげる
否,7,口,s25,ヒ,"いな, いや"
含,7,口,p1D,ガン,"ふくむ, ふくめる"
吹,7,口,p4,スイ,ふく
吹,7,口,q4,スイ,ふく
吟,7,口,p1C,ギン,
呉,7,口,p7,ゴ,"くれる, くれ"
呈,7,口,p18,テイ,
呂,7,口,s6,"リョ, ロ",せぼね
味,8,口,q5,ミ,"あじ, あじわう"
和,8,口,p15,"オ, カ, ワ","なごむ, なごやか, やわらぐ, やわらげる"
和,8,口,q21,"オ, カ, ワ",あえる
周,8,口,p1B,シュウ,まわり
呼,8,口,p7,コ,よぶ
呪,8,口,q26,"シュ, シュウ, ジュ, ズ","のろい, のろう, まじない, まじなう"
品,9,口,s26,"ヒン, ホン",しな
咲,9,口,q18,ショウ,"ざき, さく"
哀,9,口,pA,アイ,"あわれ, あわれむ, かなしい"
咽,9,口,p11,"イン, エツ, エン",のど
咽,9,口,q17,"イン, エツ, エン","のむ, むせぶ, むせる"
員,10,口,p11,イン,
唐,10,口,p17,トウ,から
哲,10,口,r9,テツ,"あきらか, さとい"
唆,10,口,p15,サ,"そそる, そそのかす"
唇,10,口,pB,シン,くちびる
唄,10,口,q10,バイ,"うた, うたう"
哺,10,口,q7,ホ,"はぐくむ, ふくむ"
問,11,口,q13,モン,"とい, とう, とん"
唱,11,口,q23,ショウ,となえる
啓,11,口,s8,ケイ,"さとす, ひらく"
喝,11,口,q10,カツ,
唯,11,口,p4,"イ, ユイ",ただ
唾,11,口,q21,"タ, ダ","つば, つばき"
喜,12,口,s4,キ,"よろこばす, よろこぶ"
営,12,口,p18,エイ,"いとなみ, いとなむ"
善,12,口,s16,ゼン,"いい, よい, よく, よしとする"
喚,12,口,q15,カン,わめく
喫,12,口,r12,キツ,のむ
喪,12,口,p17,ソウ,も
喪,12,口,q23,ソウ,うしなう
喉,12,口,p1B,コウ,のど
喩,12,口,q7,ユ,"さとす, たとえる"
嘆,13,口,pE,タン,"なげかわしい, なげく"
嘆,13,口,q15,タン,"なげかわしい, なげく"
嗣,13,口,q4,シ,
嗅,13,口,q26,キュウ,かぐ
器,15,口,q4,キ,うつわ
噴,15,口,pD,フン,ふく
噴,15,口,q14,フン,ふく
嘱,15,口,r2,ショク,"しょくする, たのむ"
嘲,15,口,p13,"チョウ, トウ",あざける
嚇,17,口,q22,カク,おどす
工,3,工,p1,"ク, グ, コウ",
左,5,工,s20,"サ, シャ",ひだり
巨,5,工,s6,キョ,
巧,5,工,s18,コウ,"うまい, たくみ, たくむ"
差,10,工,p4,サ,"さし, さす"
差,10,工,p16,サ,"さし, さす"
山,3,山,pF,"サン, セン",やま
岐,7,山,p4,"キ, ギ",
岩,8,山,p1F,ガン,いわ
岸,8,山,q15,ガン,きし
岳,8,山,r3,ガク,たけ
岬,8,山,r17,コウ,みさき
岡,8,山,p17,コウ,おか
峡,9,山,r17,"キョウ, コウ",はざま
島,10,山,s19,トウ,しま
峰,10,山,p2,ホウ,"ね, みね"
崩,11,山,p1A,ホウ,"くずれ, くずす, くずれる"
崎,11,山,p4,キ,"さい, さき, みさき"
崇,11,山,p1,スウ,あがめる
崖,11,山,p4,"ガイ, ギ, ゲ","がけ, きし, はて"
崖,11,山,p9,"ガイ, ギ, ゲ","がけ, きし, はて"
嵐,12,山,p1D,ラン,あらし
四,5,囗,q4,シ,"よ, よつ, よっつ, よん"
囚,5,囗,p1B,シュウ,とらわれる
回,6,囗,pA,"エ, カイ","まわし, まわす, まわり, まわる, かえる, まわし, まわす, まわる, もとおる"
回,6,囗,q11,"エ, カイ","まわし, まわす, まわり, まわる, かえる, まわし, まわす, まわる, もとおる"
因,6,囗,pB,イン,"ちなむ, よる"
団,6,囗,pE,"ダン, トン","かたまり, まるい"
図,7,囗,p7,"ズ, ト","え, はかる"
囲,7,囗,p5,イ,"かこい, かこう, かこむ"
困,7,囗,q14,コン,こまる
国,8,囗,r13,コク,くに
固,8,囗,q7,コ,"かたい, かたまり, かたまる, かためる"
圏,12,囗,p11,ケン,かこい
圏,12,囗,s13,ケン,かこい
園,13,囗,pD,エン,その
女,3,女,s6,"ジョ, ニョ, ニョウ","おんな, め"
奴,5,女,p7,ド,"やっこ, やつ"
好,6,女,s19,コウ,"いい, このむ, すく, よい"
如,6,女,p6,"ジョ, ニョ",ごとし
如,6,女,q6,"ジョ, ニョ",ごとし
妃,6,女,p5,ヒ,きさき
妄,6,女,q23,"ボウ, モウ",みだりに
妙,7,女,q18,"ビョウ, ミョウ",たえ
妨,7,女,p17,ボウ,さまたげる
妨,7,女,q23,ボウ,さまたげる
妥,7,女,s20,ダ,
妊,7,女,p1C,"ジン, ニン","はらむ, みごもる"
妊,7,女,q27,"ジン, ニン","はらむ, みごもる"
妖,7,女,p12,ヨウ,"あやしい, なまめく, わざわい"
姉,8,女,s4,シ,"あね, はは"
妹,8,女,q11,マイ,いもうと
委,8,女,s4,イ,ゆだねる
始,8,女,s4,シ,"はじめる, はじまる, はじめる"
妻,8,女,p8,サイ,つま
妻,8,女,q8,サイ,めとる
姓,8,女,q24,"ショウ, セイ",
妬,8,女,q7,"ツ, ト","そねむ, つもる, ねたむ, ふさぐ"
姿,9,女,p4,シ,すがた
威,9,女,p5,イ,"おどかす, おどし, おどす"
姻,9,女,pB,イン,
娘,10,女,p17,ジョウ,"こ, むすめ"
娯,10,女,p7,ゴ,
姫,10,女,s11,キ,"ひめ, ひめ"
娠,10,女,pB,シン,
娠,10,女,q12,シン,
婦,11,女,s25,フ,よめ
婚,11,女,pD,コン,
婆,11,女,p15,バ,"ばあ, ばば"
婿,12,女,q8,セイ,むこ
媒,12,女,pA,バイ,なこうど
媛,12,女,q14,エン,ひめ
嫁,13,女,q22,カ,"いく, とつぐ, ゆく, よめ"
嫌,13,女,p1E,"ケン, ゲン","いや, きらい, きらう"
嫉,13,女,r4,シツ,"そねむ, にくむ, ねたむ"
嫡,14,女,r12,"チャク, テキ",
嬢,16,女,s22,ジョウ,むすめ
小,3,小,s17,ショウ,"お, こ, さ, ちいさい"
少,4,小,s17,ショウ,"すくない, すこし"
当,6,小,p17,トウ,"あたり, あたる, あて, あてる, まさに, まさにべし"
当,6,小,q23,トウ,ただしい
尚,8,小,p17,ショウ,なお
尚,8,小,q23,ショウ,なお
夕,3,夕,r11,セキ,ゆう
外,5,夕,q9,"ガイ, ゲ","そと, と, はずす, はずれる, ほか"
多,6,夕,p15,タ,"おおい, まさに, まさる"
夜,8,夕,q22,ヤ,"よ, よる"
夢,13,夕,p1,"ボウ, ム","くらい, ゆめ, ゆめみる"
夢,13,夕,q1,"ボウ, ム","くらい, ゆめ, ゆめみる"
川,3,川,p11,セン,かわ
州,6,川,p1B,"シュウ, ス",す
巡,6,川,pB,ジュン,"めぐり, めぐる"
大,3,大,q9,"タイ, ダイ","おおいに, おお, おおきい"
天,4,大,p11,テン,"あま, あまつ, あめ"
太,4,大,q9,"タ, タイ","ふとい, ふとる"
夫,4,大,p7,"フ, フウ, ブ","おっと, それ"
央,5,大,p17,オウ,
失,5,大,r4,シツ,"うせる, うしなう"
奇,8,大,p4,キ,"あやしい, くしき, くし, めずらしい"
奉,8,大,s2,"ブ, ホウ","たてまつる, ほうずる, まつる"
奔,8,大,pD,ホン,はしる
奔,8,大,q14,ホン,はしる
奈,8,大,q9,"ダイ, ナ, ナイ","いかん, からなし"
奏,9,大,q26,ソウ,かなでる
契,9,大,q8,ケイ,ちぎる
爽,11,大,s22,ソウ,"あきらか, さわやか, たがう"
奥,12,大,q20,オウ,"おく, おくまる, くま"
奨,13,大,s22,"ショウ, ソウ",すすめる
奪,14,大,r7,ダツ,うばう
奮,16,大,q13,フン,ふるう
土,3,土,s7,"ト, ド",つち
圧,5,土,r17,"アツ, エン, オウ","おさえる, おす, おさえる, へす"
地,6,土,q4,"ジ, チ",
在,6,土,s10,ザイ,ある
坂,7,土,s13,ハン,さか
均,7,土,pB,キン,ならす
坊,7,土,p17,"ボウ, ボッ",
坑,7,土,p18,コウ,
垂,8,土,p4,スイ,"たれ, たらす, たれ, たれる, なんなんとす"
坪,8,土,p18,ヘイ,つぼ
型,9,土,p19,ケイ,"がた, かた"
城,9,土,p18,"ジョウ, セイ",しろ
垣,9,土,pD,エン,かき
埋,10,土,p9,マイ,"いける, うまる, うめる, うもれる, うずまる, うずめる"
堂,11,土,p17,ドウ,
基,11,土,p4,キ,"もと, もとい"
域,11,土,r13,イキ,
執,11,土,r14,"シツ, シュウ",とる
培,11,土,pA,バイ,つちかう
培,11,土,s25,バイ,つちかう
堀,11,土,r6,クツ,ほり
埼,11,土,p4,キ,"さい, さき, みさき"
埼,11,土,p5,キ,"さい, さき, みさき"
堆,11,土,pA,"タイ, ツイ",うずたかい
場,12,土,p17,"ジョウ, チョウ",ば
報,12,土,q20,ホウ,むくいる
堅,12,土,p11,ケン,"がたい, かたい"
堤,12,土,p8,テイ,つつみ
塔,12,土,r15,トウ,
堪,12,土,p1D,"カン, タン","こたえる, こらえる, たえる, たまる"
堕,12,土,s20,ダ,"おちる, くずす, くずれる"
塚,12,土,s2,チョウ,"づか, つか"
塁,12,土,s4,"スイ, ライ, ルイ",とりで
塩,13,土,p1E,エン,しお
塩,13,土,q29,エン,しお
墓,13,土,q7,ボ,はか
塊,13,土,q11,"カイ, ケ","かたまり, つちくれ"
塗,13,土,p7,ト,"ぬり, ぬる, まみれる"
塑,13,土,q7,ソ,でく
塞,13,土,q11,"サイ, ソク","とりで, ふさぐ, みちる"
塡,13,土,p11,"チン, テン","うずめる, はめる, はまる, ふさぐ"
境,14,土,s23,"キョウ, ケイ",さかい
増,14,土,p1A,ゾウ,"ふえる, ふやす, まし, ます"
墨,14,土,r13,ボク,すみ
塾,14,土,r1,ジュク,
墜,15,土,q4,ツイ,"おちる, おつ"
墳,15,土,pC,フン,
壊,16,土,q10,"エ, カイ","こわす, こわれる, やぶる"
壁,16,土,r12,ヘキ,かべ
墾,16,土,s13,コン,"はる, ひらく"
壇,16,土,pE,"タン, ダン",
壌,16,土,s22,ジョウ,つち
干,3,干,pE,カン,"ぼし, ひる, ほし, ほす"
平,5,干,p18,"ヒョウ, ビョウ, ヘイ","たいら, たいらげる, ひら"
年,6,干,p11,ネン,とし
幸,8,干,s23,コウ,"さいわい, さち, しあわせ"
幹,13,干,q15,カン,みき
弓,3,弓,p1,キュウ,ゆみ
引,4,弓,s11,イン,"ひく, ひける"
弔,4,弓,q18,チョウ,"とぶらう, とむらう"
弟,7,弓,s8,"ダイ, テイ, デ",おとうと
弦,8,弓,p11,ゲン,つる
弥,8,弓,p4,"ビ, ミ","いや, いよいよ, や, わたる"
弧,9,弓,p7,コ,
弱,10,弓,r10,ジャク,"よわい, よわまる, よわめる, よわる"
強,11,弓,p17,"キョウ, ゴウ","つよい, つよまる, つよめる"
強,11,弓,s22,"キョウ, ゴウ",しいる
張,11,弓,p17,チョウ,"はり, ばり, はる"
弾,12,弓,pE,"タン, ダン","ただす, はじく, はじける, はずむ, ひく"
弾,12,弓,q15,"タン, ダン",たま
辺,5,辵,p11,ヘン,"べ, あたり, ほとり"
迅,6,辵,q12,ジン,
近,7,辵,s12,"キン, コン",ちかい
返,7,辵,s13,ヘン,"かえす, かえる, かえす, かえる"
迎,7,辵,p18,ゲイ,むかえる
迎,7,辵,q24,ゲイ,むかえる
述,8,辵,r4,ジュツ,のべる
迫,8,辵,r11,ハク,せまる
迭,8,辵,r9,テツ,
送,9,辵,q1,ソウ,おくる
追,9,辵,p4,ツイ,おう
逆,9,辵,r11,"ギャク, ゲキ","さか, さかさ, さからう"
退,9,辵,q11,タイ,"しりぞく, しりぞける, どく, のく, のける, ひく"
迷,9,辵,p8,メイ,まよう
逃,9,辵,p14,トウ,"にがす, にげる, のがす, のがれる"
通,10,辵,p1,"ツ, ツウ","とおり, どおし, どおり, かよう, とおし, とおす, とおり, とおる"
速,10,辵,r1,ソク,"すみやか, はや, はやい, はやめる"
連,10,辵,p11,レン,"づれ, つれる, つらなる, つらねる"
造,10,辵,s19,ゾウ,"づくり, つくり, つくる"
途,10,辵,p7,ト,みち
透,10,辵,q26,トウ,"すかす, すく, すける, とうす, とうる"
逝,10,辵,q8,セイ,"いく, ゆく"
逐,10,辵,r1,チク,
逓,10,辵,s8,テイ,"かわる, たがいに"
週,11,辵,p1B,シュウ,
進,11,辵,q12,シン,"すすむ, すすめる"
逮,11,辵,q8,タイ,
逸,11,辵,r4,イツ,"そらす, それる, はぐれる"
道,12,辵,s19,"トウ, ドウ","いう, みち"
運,12,辵,q13,ウン,はこぶ
遊,12,辵,p1B,"ユ, ユウ","あそばす, あそぶ"
達,12,辵,q8,"タツ, ダ",たち
過,12,辵,q21,カ,"あやまち, あやまつ, すぎる, すごす, よぎる, よぎる"
遅,12,辵,p4,チ,"おくらす, おくれる, おそい"
遅,12,辵,q4,チ,"おくらす, おくれる, おそい"
遇,12,辵,q7,グウ,あう
遂,12,辵,q4,スイ,"ついに, とげる"
遍,12,辵,q17,ヘン,あまねく
遠,13,辵,s13,"エン, オン",とおい
違,13,辵,p5,イ,"ちがえる, たがう, たがえる, ちがい, ちがう, ちがえる"
遣,13,辵,s16,ケン,"つかい, づかい, つかう, つかわす, やる"
適,14,辵,r11,テキ,かなう
遭,14,辵,p14,ソウ,"あう, あわせる"
遮,14,辵,p16,シャ,さえぎる
遡,13,辵,q7,"サク, ソ",さかのぼる
遜,13,辵,q14,ソン,"したがう, へりくだる, ゆずる"
選,15,辵,s16,セン,"える, えらぶ, よる"
遺,15,辵,p4,"イ, ユイ",のこす
遺,15,辵,q4,"イ, ユイ",のこす
遵,15,辵,pB,ジュン,
遷,15,辵,p11,セン,"うつす, うつる, みやこがえ"
避,16,辵,q4,ヒ,"さける, よける"
還,16,辵,pF,カン,かえる
安,6,宀,pE,アン,"やす, やすい, やすまる, やすらか"
守,6,宀,s25,"シュ, ス","もり, かみ, まもり, まもる, もり"
宇,6,宀,s7,ウ,
宅,6,宀,r11,タク,
完,7,宀,pE,カン,
実,8,宀,r4,"シツ, ジツ","まこと, み, みちる, みの, みのる"
定,8,宀,q25,"ジョウ, テイ","さだか, さだまる, さだめる"
官,8,宀,pE,カン,
宗,8,宀,p2,"シュウ, ソウ",むね
宙,8,宀,q26,チュウ,
宝,8,宀,s19,ホウ,たから
宜,8,宀,p4,ギ,"よろしい, よろしく"
宛,8,宀,s13,エン,"あて, づつ, あてる, あたかも"
室,9,宀,r4,シツ,むろ
客,9,宀,r11,"カク, キャク",
宣,9,宀,p11,セン,のたまう
家,10,宀,p16,"カ, ケ","いえ, うち, や"
宮,10,宀,p1,"キュウ, ク, クウ, グウ",みや
害,10,宀,q9,ガイ,
容,10,宀,p2,ヨウ,いれる
宴,10,宀,s16,エン,うたげ
宰,10,宀,s10,サイ,
宵,10,宀,p12,ショウ,よい
宿,11,宀,q26,シュク,"やど, やどす, やどる"
寄,11,宀,q4,キ,"より, よせる, よる"
密,11,宀,r4,ミツ,ひそか
寂,11,宀,r12,"ジャク, セキ","さび, さびしい, さびれる, さみしい"
寒,12,宀,pE,カン,さむい
富,12,宀,q7,"フ, フウ","とむ, とみ"
寝,13,宀,s26,シン,"いぬ, ねかす, ねる, みたまや, やめる"
寛,13,宀,pE,カン,"くつろぐ, ひろい, ゆるやか"
察,14,宀,r8,サツ,
寡,14,宀,s21,カ,
寧,14,宀,p19,ネイ,むしろ
審,15,宀,s26,シン,"つぶさに, つまびらか"
寮,15,宀,p12,リョウ,
変,9,夂,q17,ヘン,"かえる, かわり, かわる"
夏,10,夂,s21,"カ, ガ, ゲ",なつ
巾,3,巾,pB,"キン, フク","おおい, きれ, ちきり"
市,5,巾,s4,シ,いち
布,5,巾,q7,"フ, ホ","きれ, しく, ぬの"
帆,6,巾,p1F,ハン,ほ
帆,6,巾,q30,ハン,はる
希,7,巾,p5,"キ, ケ","こいねがう, まれ"
帝,9,巾,q8,テイ,みかど
帥,9,巾,q4,スイ,
席,10,巾,r11,セキ,むしろ
帯,10,巾,q9,タイ,"おびる, おび"
師,10,巾,p4,シ,いくさ
帳,11,巾,q23,チョウ,とばり
常,11,巾,p17,ジョウ,"つね, とこ"
幅,12,巾,r1,フク,はば
帽,12,巾,q20,"ボウ, モウ","おおう, ずきん"
幕,13,巾,r10,"バク, マク",とばり
幣,15,巾,q8,ヘイ,ぬさ
形,7,彡,p19,"ギョウ, ケイ","がた, かた, かたち, なり"
彩,11,彡,s10,サイ,いろどる
彫,11,彡,p12,チョウ,"ぼり, ほる"
彰,14,彡,p17,ショウ,
影,15,彡,s23,エイ,かげ
行,6,彳,p17,"アン, ギョウ, コウ",ならぶ、ならべる
行,6,彳,p18,"アン, ギョウ, コウ","いき, いき, ゆき, ゆき, いく, ゆく"
行,6,彳,q23,"アン, ギョウ, コウ",おこなう
役,7,彳,r11,"エキ, ヤク",
径,8,彳,q25,ケイ,"こみち, さしわたし, ただちに, みち"
往,8,彳,s22,オウ,"いく, いにしえ, さきに, ゆく"
征,8,彳,p18,セイ,
彼,8,彳,s4,ヒ,"かの, かの, かれ"
後,9,彳,s25,"コウ, ゴ","あと, うしろ, うしろ, おくれる, のち"
待,9,彳,s10,タイ,"まち, まつ"
律,9,彳,r4,"リチ, リツ, レツ",
徒,10,彳,p7,ト,"あだ, いたずら"
従,10,彳,p2,"ショウ, ジュ, ジュウ","したがう, したがえる, より"
徐,10,彳,p6,ジョ,おもむろに
得,11,彳,r13,トク,"うる, える"
復,12,彳,q26,フク,また
御,12,彳,q6,"ギョ, ゴ","お, おん, み"
循,12,彳,pB,ジュン,
微,13,彳,p5,ビ,かすか
徳,14,彳,q4,トク,
徴,14,彳,p1A,"チ, チョウ",しるし
徹,15,彳,r9,テツ,
広,5,广,s22,コウ,"ひろい, ひろがる, ひろげる, ひろまる, ひろめる"
庁,5,广,p19,"チョウ, テイ",やくしょ
序,7,广,s6,ジョ,"ついで, ついで"
床,7,广,p17,ショウ,"とこ, ゆか"
店,8,广,q29,テン,"たな, みせ"
底,8,广,s8,テイ,そこ
府,8,广,s7,フ,
度,9,广,q7,"タク, ト, ド","たい, たび"
庫,10,广,q7,"ク, コ",くら
庭,10,广,p19,テイ,にわ
座,10,广,q21,ザ,すわる
康,11,广,p17,コウ,
庶,11,广,q6,ショ,
庸,11,广,p2,ヨウ,
廊,12,广,p17,ロウ,
廃,12,广,q11,ハイ,"すたる, すたれる"
廉,13,广,p1E,レン,
寸,3,寸,q14,スン,
寺,6,寸,q4,ジ,てら
対,7,寸,q11,"タイ, ツイ","あいて, こたえる, そろい, つれあい, ならぶ, むかう"
寿,7,寸,s25,"シュウ, ジュ, ス","ことぶく, ことぶき, ことほぐ"
専,9,寸,p11,セン,もっぱら
封,9,寸,p2,"フウ, ホウ",
封,9,寸,q2,"フウ, ホウ",
射,10,寸,q22,シャ,"いる, うつ, さす"
将,10,寸,q23,"ショウ, ソウ","はた, ひきいる"
将,10,寸,p17,"ショウ, ソウ","まさ, まさに, もって"
尉,11,寸,q5,"イ, ジョウ",
尊,12,寸,pD,ソン,"たっとい, たっとぶ, とうとい, とうとぶ"
尋,12,寸,p1C,ジン,"たずねる, ひろ"
導,15,寸,q20,ドウ,みちびく
防,7,阜,p17,ボウ,ふせぐ
阪,7,阜,s13,ハン,さか
阻,8,阜,s6,ソ,はばむ
附,8,阜,q7,フ,"つく, つける"
阜,8,阜,s25,"フ, フウ",
限,9,阜,s15,ゲン,"かぎり, かぎり, かぎる"
院,10,阜,q17,イン,
降,10,阜,q3,"コウ, ゴ","おりる, おろす, ふり, ふる"
降,10,阜,p3,"コウ, ゴ","くだす, くだる"
除,10,阜,p6,"ジ, ジョ","よけ, のぞく"
陛,10,阜,s8,ヘイ,
陣,10,阜,q12,ジン,
陥,10,阜,q30,カン,"おちいる, おとしいれる"
陸,11,阜,r1,"リク, ロク",おか
険,11,阜,s28,ケン,けわしい
陰,11,阜,p1C,イン,"かげ, かげる"
陳,11,阜,pB,チン,ひねる
陶,11,阜,p14,トウ,すえ
陪,11,阜,pA,バイ,
隆,11,阜,p1,リュウ,
陵,11,阜,p1A,リョウ,みささぎ
階,12,阜,p9,カイ,きざはし
陽,12,阜,p17,ヨウ,ひ
隊,12,阜,q11,タイ,
随,12,阜,p4,ズイ,"したがう, まにまに"
隅,12,阜,p7,グウ,すみ
隔,13,阜,r11,カク,"へだたる, へだてる"
隙,13,阜,r11,"キャク, ケキ, ゲキ","すかす, すく, すき, ひま"
際,14,阜,q8,サイ,"ぎわ, きわ"
障,14,阜,p17,ショウ,さわる
障,14,阜,q23,ショウ,さわる
隠,14,阜,s12,"イン, オン","かくし, かくす, かくれる, よる"
隣,16,阜,pB,リン,"となる, となり"
尺,4,尸,r11,"シャク, セキ",さし
尼,5,尸,p4,ニ,あま
尻,5,尸,p14,コウ,しり
尽,6,尸,s11,"サン, ジン","ずく, づく, ことごとく, つかす, つきる, つくす"
局,7,尸,r2,キョク,つぼね
尾,7,尸,s5,ビ,お
尿,7,尸,q18,ニョウ,"いばり, しと, ゆばり"
居,8,尸,p6,"キョ, コ","い, いる, おる"
届,8,尸,q10,カイ,"とどけ, とどく, とどける"
屈,8,尸,r5,クツ,"かがむ, かがめる"
屋,9,尸,r1,オク,や
展,10,尸,s16,テン,
属,12,尸,q7,"ショク, ゾク","さかん, つく, やから"
層,14,尸,p1A,ソウ,
履,15,尸,s4,リ,はく
式,6,弋,r13,シキ,
弐,6,弋,q4,"ジ, ニ","そえ, ふたつ"
邦,7,邑,p3,ホウ,くに
那,7,邑,p15,"ダ, ナ","いかん, なに, なんぞ"
那,7,邑,s20,"ダ, ナ","いかん, なに, なんぞ"
邪,8,邑,p16,ジャ,よこしま
邸,8,邑,s8,テイ,やしき
郎,9,邑,p17,"リョウ, ロウ",おとこ
郊,9,邑,p13,コウ,
郡,10,邑,q13,グン,こおり
都,11,邑,p7,"ツ, ト",みやこ
部,11,邑,s7,ブ,べ
郷,11,邑,p17,"キョウ, ゴウ",さと
郵,11,邑,p1B,ユウ,
郭,11,邑,r10,カク,くるわ
廷,7,廴,p19,テイ,
廷,7,廴,q25,テイ,
延,8,廴,p11,エン,"のばす, のびる, のべ, のべる"
建,9,廴,q14,"ケン, コン","だて, たつ, たて, たてる"
巣,11,⺍,p13,ソウ,"す, すくう"
厳,17,⺍,p1E,"ゲン, ゴン","いかめしい, いつくし, おごそか, きびしい"
厳,17,⺍,p1F,"ゲン, ゴン","いかめしい, いつくし, おごそか, きびしい"
弁,5,廾,s16,"ヘン, ベン","あらそう, かんむり, はなびら, わける, わきまえる"
弄,7,廾,q1,"ル, ロウ","いじる, いじくる, たわむれる, ひねくる, もてあそぶ, ろうする"
弊,15,廾,q8,ヘイ,
己,3,己,s4,"キ, コ","おのれ, つちのと, な"
巻,9,己,s16,"カン, ケン","まき, まく, まき"
巻,9,己,p11,"カン, ケン",まげる
就,12,尢,q26,"シュウ, ジュ","つく, つける"
幻,4,幺,q16,ゲン,まぼろし
幽,9,幺,p1B,ユウ,"かすか, くらい, しろい, ふかい"
幾,12,幺,p5,キ,"いく, いくつ, いくら"
幾,12,幺,s5,キ,"いく, いくつ, いくら"
屯,4,屮,pD,トン,たむろ
粛,11,彐,r1,"シュク, スク",つつしむ
彙,13,彐,q5,イ,はりねずみ
犬,4,犬,s16,ケン,"いぬ, いぬ"
犯,5,犬,s29,"ハン, ボン",おかす
状,7,犬,q23,ジョウ,
狂,7,犬,p17,キョウ,"くるう, くるおしい, くるおしい"
狙,8,犬,q6,"ショ, ソ","ねらい, ねらう"
独,9,犬,r1,"トク, ドク",ひとり
狭,9,犬,r17,"キョウ, コウ","さ, せばまる, せばめる, せまい"
狩,9,犬,q26,シュ,"がり, かり, かる"
猛,11,犬,s23,モウ,
猟,11,犬,r10,リョウ,"かる, かり"
猫,11,犬,p12,ビョウ,ねこ
猶,12,犬,p1B,"ユ, ユウ",なお
猿,13,犬,pD,エン,さる
献,13,犬,q14,"ケン, コン",たてまつる
獄,14,犬,r2,ゴク,
獲,16,犬,r10,カク,える
獣,16,犬,q26,ジュウ,"けだもの, けもの"
才,3,手,pA,サイ,
手,4,手,s25,"シュ, ズ","て, た, て, て"
打,5,手,s21,"ダ, ダース","うち, うつ, ぶつ"
払,5,手,s29,"ヒツ, フツ, ホツ","はらい, ばらい, はらう"
扱,6,手,r17,"キュウ, ソウ","あつかい, あつかう, あつかる, こく"
投,7,手,p1B,トウ,"なげ, なげる"
折,7,手,r9,"シャク, セツ","おり, おり, おる, おれる, おり"
技,7,手,s4,ギ,わざ
批,7,手,p8,ヒ,
批,7,手,r9,ヒ,
抗,7,手,q23,コウ,あらがう
抜,7,手,r7,"ハイ, ハツ, バツ","ぬく, ぬかす, ぬかる, ぬき, ぬく, ぬける"
択,7,手,r11,タク,えらぶ
抑,7,手,r13,ヨク,おさえる
抄,7,手,p13,ショウ,
把,7,手,s21,"ハ, ワ",
扶,7,手,p7,フ,たすける
承,8,手,p1A,"ショウ, ジョウ","うける, うけたまわる"
招,8,手,p12,ショウ,まねく
拡,8,手,r10,"カク, コウ","ひろがる, ひろげる, ひろめる"
担,8,手,p1D,タン,"かつぐ, になう"
担,8,手,q28,タン,
拝,8,手,q10,ハイ,"おがむ, おろがむ"
押,8,手,r17,オウ,"おさえる, おし, おす, おっ, おさえる"
拠,8,手,q6,"キョ, コ",よる
拓,8,手,r10,タク,ひらく
抵,8,手,s4,テイ,
拍,8,手,r11,"ハク, ヒョウ",
抱,8,手,s19,ホウ,"いだく, かかえる, だく"
拘,8,手,p7,コウ,かかわる
抽,8,手,p1B,チュウ,ひき
拐,8,手,s9,カイ,
拒,8,手,s6,"キョ, ゴ",こばむ
拙,8,手,r9,セツ,つたない
披,8,手,p4,ヒ,
抹,8,手,r7,マツ,
拉,8,手,r15,"ラ, ラツ, ロウ","くだく, ひしぐ, らっする"
指,9,手,s4,シ,"さし, さす, ゆび"
持,9,手,p4,ジ,"もち, もつ, もてる"
拾,9,手,r14,"シュウ, ジュウ",ひろう
括,9,手,r7,カツ,くくる
挟,9,手,r16,"キョウ, ショウ","さしはさむ, はさまる, はさむ, わきばさむ"
拷,9,手,s19,ゴウ,
挑,9,手,p12,チョウ,いどむ
拶,9,手,r7,サツ,せまる
拭,9,手,r13,"シキ, ショク","ぬぐう, ふく"
挙,10,手,s6,キョ,"あがる, あげる, こぞる"
振,10,手,q12,シン,"ふる, ふるう, ふれる"
捕,10,手,q7,ホ,"つかまえる, つかまる, とらえる, とらわれる, とる, とらえる, とらわれる"
捜,10,手,p1B,"シュ, シュウ, ソウ",さがす
挿,10,手,r17,ソウ,"さす, はさむ"
挨,10,手,p9,アイ,ひらく
拳,10,手,p11,"ケン, ゲン",こぶし
挫,10,手,q21,"サ, ザ","くじく, くじける"
捉,10,手,r3,"サク, ソク",とらえる
捗,10,手,r13,"チョク, ホ",はかどる
採,11,手,s10,サイ,とる
授,11,手,s25,ジュ,"さずかる, さずける"
接,11,手,r16,"ショウ, セツ",つぐ
捨,11,手,s21,シャ,すてる
推,11,手,p4,スイ,おす
推,11,手,pA,スイ,おす
探,11,手,p1D,タン,"さがす, さぐる"
探,11,手,q28,タン,"さがす, さぐる"
掘,11,手,r5,クツ,ほる
描,11,手,p12,ビョウ,"えがく, かく"
掛,11,手,q10,"カイ, ケイ","かかる, かけ, かける, がかり, がかる, がけ, がかり, かかり, かかる, かけ, かける, かかり"
掲,11,手,q8,ケイ,かかげる
控,11,手,q1,コウ,"ひかえ, ひかえる"
措,11,手,q7,ソ,おく
掃,11,手,s19,"シュ, ソウ",はく
排,11,手,p9,ハイ,
据,11,手,p6,キョ,"すえる, すわる"
捻,11,手,r16,"ジョウ, ネン","ねじる, ねじる, ひねくる, ひねる"
提,12,手,p8,"ダイ, チョウ, テイ",さげる
揮,12,手,p5,キ,ふるう
握,12,手,r3,アク,にぎる
援,12,手,pD,エン,
換,12,手,q15,カン,"かえる, かえる, かわる"
掌,12,手,s22,ショウ,"たなごころ, てのひら"
揚,12,手,p17,ヨウ,"あげ, あがる, あげる"
揺,12,手,p12,ヨウ,"うごく, ゆさぶる, ゆすぶる, ゆする, ゆらぐ, ゆる, ゆるぐ, ゆれる"
搭,12,手,r15,トウ,
損,13,手,s13,ソン,"そこなう, そこねる, そこなう, そこねる, そこなう"
搬,13,手,pE,ハン,
携,13,手,p8,ケイ,"たずさえる, たずさわる"
搾,13,手,q22,サク,しぼる
摂,13,手,r16,"ショウ, セツ","おさめる, かねる, とる"
摘,14,手,r11,テキ,つむ
撃,15,手,r12,ゲキ,うつ
撮,15,手,r7,サツ,"どり, つまむ, とる"
撤,15,手,r9,テツ,
撲,15,手,r1,ボク,
摩,15,手,p15,マ,"さする, する, まする"
摯,15,手,q4,シ,いたる
操,16,手,p14,"サン, ソウ",あやつる
操,16,手,q20,"サン, ソウ",みさお
擁,16,手,s2,ヨウ,
擦,17,手,r8,サツ,"ずれ, こする, こすれる, する, すれる"
擬,17,手,s4,ギ,"まがい, もどき"
水,4,水,s4,スイ,"みず, みず"
氷,5,水,p1A,ヒョウ,"こおる, こおり, ひ"
永,5,水,s23,エイ,ながい
汁,5,水,r14,ジュウ,"しる, しる, つゆ"
氾,5,水,q30,ハン,ひろがる
池,6,水,p4,チ,いけ
汚,6,水,p7,オ,"きたない, けがす, けがらわしい, けがれる, よごす, よごれる"
汚,6,水,q7,オ,"きたない, けがす, けがらわしい, けがれる, よごす, よごれる"
汗,6,水,q15,カン,あせ
江,6,水,p3,コウ,え
汎,6,水,q30,"ハン, フウ, ブ, ホウ, ホン","ただよう, ひろい"
汽,7,水,q5,キ,
決,7,水,r9,ケツ,"ぎめ, きまる, きめる, さく"
求,7,水,p1B,"キュウ, グ",もとめる
沢,7,水,r10,タク,"うるおい, うるおす, さわ, つや"
沖,7,水,p2,チュウ,"おき, おきつ, ちゅうする, わく"
沈,7,水,p1C,"ジン, チン","しずむ, しずめる"
没,7,水,r6,"ボツ, モツ","おぼれる, しずむ, ない"
沙,7,水,p16,"サ, シャ","すな, よなげる"
汰,7,水,q9,"タ, タイ","おごる, にごる, よなげる"
沃,7,水,r2,"オク, ヨウ, ヨク",そそぐ
泳,8,水,q24,エイ,およぐ
注,8,水,q7,チュウ,"さす, そそぐ, つぐ"
波,8,水,p15,ハ,なみ
油,8,水,p1B,"ユ, ユウ",あぶら
泣,8,水,r14,キュウ,なく
治,8,水,q4,"ジ, チ","おさまる, おさめる, なおす, なおる"
法,8,水,r17,"ハッ, フラン, ホウ, ホッ",のり
河,8,水,p15,カ,かわ
沿,8,水,p11,エン,"ぞい, そう"
況,8,水,q23,キョウ,"いわんや, おもむき, まして"
沼,8,水,s17,ショウ,ぬま
泊,8,水,r10,ハク,"とまる, とめる"
泌,8,水,q4,"ヒ, ヒツ",
泥,8,水,p8,"デ, デイ, ナイ, ニ","どろ, なずむ"
泥,8,水,s8,"デ, デイ, ナイ, ニ","どろ, なずむ"
沸,8,水,q5,フツ,"わかす, わく"
泡,8,水,p13,ホウ,あわ
泡,8,水,q19,ホウ,あわ
海,9,水,s10,カイ,うみ
活,9,水,r7,カツ,"いかす, いきる, いける"
洋,9,水,p17,ヨウ,
浅,9,水,s16,セン,あさい
泉,9,水,p11,セン,いずみ
洗,9,水,s8,セン,あらう
派,9,水,q10,ハ,
洪,9,水,p1,コウ,
浄,9,水,q24,"ジョウ, セイ","きよい, きよめる"
津,9,水,pB,シン,つ
洞,9,水,s1,ドウ,ほら
消,10,水,p12,ショウ,"きえる, けす"
流,10,水,p1B,"リュウ, ル","ながす, ながす, ながれ, ながれる"
浴,10,水,r2,ヨク,"あびせる, あびる"
浸,10,水,q27,シン,"つかる, ひたす, ひたる"
浜,10,水,pB,ヒン,はま
浮,10,水,p1B,フ,"うかぶ, うかべる, うかれる, うく"
涙,10,水,q4,"ルイ, レイ",なみだ
浪,10,水,q23,ロウ,
泰,10,水,q9,タイ,
浦,10,水,s7,ホ,うら
深,11,水,p1C,シン,"ぶかい, ふかい, ふかまる, ふかめる, み"
清,11,水,p18,"ショウ, シン, セイ","きよい, きよまる, きよめる"
液,11,水,r11,エキ,
混,11,水,pD,コン,"まじり, こむ, まざる, まじる, まぜる"
混,11,水,s13,コン,"まじり, こむ, まざる, まじる, まぜる"
済,11,水,s8,"サイ, セイ","すます, ずみ, ずみ, すます, すまない, すむ, すくう, なす, わたる, わたし"
淡,11,水,s27,タン,あわい
添,11,水,p1E,テン,"そう, そえる"
涯,11,水,p4,ガイ,はて
涯,11,水,p9,ガイ,はて
涯,11,水,p16,ガイ,はて
渇,11,水,r7,カツ,かわく
渓,11,水,p8,ケイ,"たに, たにがわ"
渋,11,水,r14,"シュウ, ジュウ","しぶ, しぶい, しぶる"
淑,11,水,r1,シュク,しとやか
渉,11,水,r16,ショウ,わたる
涼,11,水,p17,リョウ,"うすい, すずしい, すずむ, すずやか, ひやす, まことに"
淫,11,水,p1C,イン,"ひたす, ほしいまま, みだら, みだれる, みだり"
温,12,水,pD,オン,"あたたか, あたたかい, あたたまる, あたためる, ぬく"
湖,12,水,p7,コ,みずうみ
港,12,水,s3,コウ,みなと
湯,12,水,p17,トウ,ゆ
満,12,水,s14,"バン, マン","みたす, みちる, みつ"
減,12,水,s29,ゲン,"へらす, へる"
測,12,水,r13,ソク,はかる
渡,12,水,q7,ト,"わたる, わたす, わたる"
湿,12,水,r14,"シツ, シュウ","うるおう, うるおす, しめす, しめる"
湾,12,水,pF,ワン,いりえ
渦,12,水,p15,カ,うず
滋,12,水,p4,"シ, ジ",
湧,12,水,s2,"ユ, ユウ, ヨウ",わく
漢,13,水,q15,カン,
準,13,水,s11,ジュン,"じゅんじる, じゅんずる, なぞらえる, のり, ひとしい, みずもり"
源,13,水,pD,ゲン,みなもと
溶,13,水,p2,ヨウ,"とかす, とく, とける"
溶,13,水,s2,ヨウ,"とかす, とく, とける"
滑,13,水,r6,"カツ, コツ","すべる, なめらか"
滞,13,水,q8,"タイ, テイ",とどこおる
滝,13,水,p1,"ソウ, ロウ",たき
滝,13,水,p3,"ソウ, ロウ",たき
滅,13,水,r9,メツ,"ほろびる, ほろぶ, ほろぼす"
溝,13,水,p1B,コウ,みぞ
漠,13,水,r10,バク,
溺,13,水,q18,"ジョウ, デキ, ニョウ","いばり, おぼれる"
漁,14,水,p6,"ギョ, リョウ",あさる
演,14,水,s16,エン,
滴,14,水,r12,テキ,"しずく, したたる"
漫,14,水,pE,マン,"そぞろ, みだりに"
漫,14,水,q15,マン,"そぞろ, みだりに"
漂,14,水,p12,ヒョウ,ただよう
漏,14,水,q26,ロウ,"もらす, もる, もれる"
漆,14,水,r4,シツ,うるし
漸,14,水,p1E,ゼン,"すすむ, やや, ようやく, ようよう"
漸,14,水,s28,ゼン,"すすむ, やや, ようやく, ようよう"
漬,14,水,q4,シ,"づけ, づけ, つかる, つける"
潔,15,水,r9,ケツ,いさぎよい
潮,15,水,p12,チョウ,"うしお, しお"
澄,15,水,p1A,チョウ,"すます, すます, すむ"
潤,15,水,q12,ジュン,"うるむ, うるおう, うるおす"
潜,15,水,p1E,セン,"かくれる, くぐる, ひそむ, ひそめる, もぐる"
潜,15,水,q29,セン,"かくれる, くぐる, ひそむ, ひそめる, もぐる"
潟,15,水,r11,セキ,"がた, かた"
潰,15,水,q11,"エ, カイ","ついえる, つぶす, つぶれる"
激,16,水,r12,ゲキ,はげしい
濁,16,水,r1,"ジョク, ダク","にごす, にごる"
濃,16,水,p2,ノウ,こい
濯,17,水,r3,タク,"すすぐ, ゆすぐ"
濫,18,水,s29,ラン,"みだりがましい, みだりに"
瀬,19,水,q9,ライ,せ
心,4,心,p1C,シン,"ごころ, こころ"
必,5,心,r4,ヒツ,かならず
忙,6,心,p17,"ボウ, モウ","いそがしい, うれえるさま, おそれる, せわしい"
応,7,心,p1A,"ノウ, オウ, ヨウ",まさに
応,7,心,q25,"ノウ, オウ, ヨウ","あたる, こたえる"
快,7,心,q10,カイ,こころよい
志,7,心,q4,シ,"こころざす, こころざし, シリング"
忘,7,心,p17,ボウ,わすれる
忘,7,心,q23,ボウ,わすれる
忌,7,心,q4,キ,"いまわしい, いみ, いむ"
忍,7,心,s11,ニン,"しのばせる, しのぶ"
念,8,心,q29,ネン,
性,8,心,q24,"ショウ, セイ",さが
忠,8,心,p1,チュウ,
怖,8,心,q7,"フ, ホ","おじる, おそれる, こわい, こわがる"
怪,8,心,q10,"カイ, ケ","あやしい, あやしむ"
急,9,心,r14,キュウ,"いそぎ, いそぐ, せく"
恒,9,心,p1A,コウ,"つね, つねに"
怒,9,心,s7,"ド, ヌ","いかる, おこる"
悔,9,心,s10,カイ,"くいる, くやむ, くやしい"
恨,9,心,q14,コン,"うらむ, うらめしい"
怠,9,心,s10,タイ,"おこたる, なまける"
怨,9,心,pD,"ウン, エン, オン","うらむ, うらめしい, うらみ"
怨,9,心,q14,"ウン, エン, オン","うらむ, うらめしい, うらみ"
思,9,心,p4,シ,"おぼす, おもう, おもえらく"
思,9,心,q4,シ,"おぼす, おもう, おもえらく"
息,10,心,r13,ソク,いき
恩,10,心,pD,オン,
恐,10,心,s2,キョウ,"おそる, おそれる, おそろしい, こわい, こわがる"
恵,10,心,q8,"エ, ケイ","めぐみ, めぐむ"
恥,10,心,s4,チ,"はじらう, はじる, はずかしい, はじ"
悩,10,心,s19,ノウ,"なやましい, なやます, なやむ, なやみ"
恋,10,心,q17,レン,"こう, こい, こいしい"
悦,10,心,r9,エツ,"よろこばす, よろこぶ"
悟,10,心,q7,ゴ,さとる
恭,10,心,p2,キョウ,うやうやしい
恣,10,心,q4,シ,ほしいまま
悪,11,心,r10,"アク, オ","にくい, あし, ああ, いずくに, いずくんぞ, にくい, にくむ, わる, わるい"
情,11,心,p18,"ジョウ, セイ",なさけ
惨,11,心,s27,"サン, ザン","いたむ, みじめ, むごい"
惜,11,心,r11,セキ,"おしい, おしむ"
患,11,心,pF,カン,わずらう
患,11,心,q16,カン,わずらう
悼,11,心,q20,トウ,いたむ
悠,11,心,p1B,ユウ,
惧,11,心,q7,"ク, グ",おそれる
悲,12,心,p4,ヒ,"かなしい, かなしむ"
惑,12,心,r13,ワク,まどう
慌,12,心,p17,コウ,"あわただしい, あわてる"
惰,12,心,s20,ダ,
愉,12,心,p7,ユ,"たのしい, たのしむ"
意,13,心,q4,イ,
感,13,心,s27,カン,
想,13,心,s22,"ソ, ソウ",おもう
愛,13,心,q11,アイ,"いとしい, おしむ, かなしい, まな, めでる"
慎,13,心,q12,シン,"つつましい, つつし, つつしみ, つつしむ"
慨,13,心,q11,ガイ,なげく
愚,13,心,p7,グ,おろか
慈,13,心,p4,ジ,いつくしむ
愁,13,心,p1B,シュウ,"うれい, うれえる"
慄,13,心,r4,リツ,"おそれる, おののく, ふるえる"
慣,14,心,q16,カン,"ならす, なれる"
態,14,心,q11,タイ,わざと
慢,14,心,q16,マン,
憎,14,心,p1A,ゾウ,"にくい, にくしみ, にくむ, にくらしい"
慕,14,心,q7,ボ,したう
慮,15,心,p6,リョ,"おもんぱかる, おもんぱくる"
慮,15,心,q6,リョ,"おもんぱかる, おもんぱくる"
慰,15,心,q5,イ,"なぐさむ, なぐさめる"
憂,15,心,p1B,ユウ,"うい, うき, うれい, うれえる"
慶,15,心,p17,ケイ,よろこび
慶,15,心,q24,ケイ,よろこび
憤,15,心,s12,フン,いきどおる
憬,15,心,s23,ケイ,あこがれる
憧,15,心,p2,"ショウ, トウ, ドウ",あこがれる
憧,15,心,q3,"ショウ, トウ, ドウ",あこがれる
憲,16,心,q14,ケン,
憶,16,心,r13,オク,
憩,16,心,q8,ケイ,"いこい, いこう"
懐,16,心,p9,"エ, カイ","いだく, おもう, なずける, なつかしい, なつかしむ, なつく, なつける, ふところ"
憾,16,心,q28,カン,うらむ
懇,17,心,s13,コン,ねんごろ
懲,18,心,p1A,チョウ,"こらしめる, こらす, こりる"
懸,20,心,p11,"ケ, ケン","かかる, かける"
芋,6,艸,q7,ウ,いも
芝,6,艸,p4,シ,しば
花,7,艸,p16,"カ, ケ",はな
芸,7,艸,q8,"ウン, ゲイ","うえる, のり, わざ"
芳,7,艸,p17,ホウ,かんばしい
芯,7,艸,p1C,シン,
苦,8,艸,s7,ク,"ぐるしい, くるしい, くるしむ, くるしめる, にがい, にがる"
英,8,艸,p18,エイ,はなぶさ
芽,8,艸,p16,ガ,め
若,8,艸,s21,"ジャク, ニャ, ニャク","ごとし, もし, もしくは, もしくわ, わか, わかい"
茂,8,艸,q26,モ,しげる
苗,8,艸,p12,"ビョウ, ミョウ","なえ, なわ"
茎,8,艸,p18,"キョウ, ケイ",くき
苛,8,艸,p15,カ,"いじめる, いらだつ, からい, こまかい, さいなむ"
草,9,艸,s19,ソウ,"ぐさ, くさ, くさ"
茶,9,艸,p16,"サ, チャ",
荒,9,艸,p17,コウ,"あらし, あらす, あれる, あらい, すさぶ, すさむ"
荘,9,艸,p17,"ショウ, ソウ, チャン","おごそか, ほうき"
茨,9,艸,p4,"シ, ジ","いばら, かや, くさぶき"
荷,10,艸,s20,カ,に
華,10,艸,p16,"カ, ケ",はな
菜,11,艸,q11,サイ,な
著,11,艸,s6,"チャク, チョ","あらわす, いちじるしい"
菓,11,艸,s20,カ,
菊,11,艸,r1,キク,
菌,11,艸,pB,キン,
萎,11,艸,p4,イ,"しおれる, しなびる, しぼむ, な, なえる"
萎,11,艸,s4,イ,"しおれる, しなびる, しぼむ, な, なえる"
葉,12,艸,r16,ヨウ,は
落,12,艸,r10,ラク,"おち, おちる, おとす"
葬,12,艸,q23,ソウ,ほうむる
葛,11,艸,r7,"カチ, カツ","くず, つづら"
蒸,13,艸,p1A,"ジョウ, セイ","むす, むらす, むれる"
蓄,13,艸,r1,チク,たくわえる
蓋,13,艸,q9,"カイ, ガイ, コウ","おおう, かこう, かさ, けだし, ふた"
蔑,14,艸,r9,ベツ,"くらい, さげすむ, ないがしろ, なみする"
蔵,15,艸,p17,"ソウ, ゾウ","おさめる, かくれる"
蔵,15,艸,q23,"ソウ, ゾウ",くら
蔽,15,艸,q8,"フツ, ヘイ, ヘツ","おおい, おおう"
薬,16,艸,r3,ヤク,くすり
薪,16,艸,pB,シン,"たきぎ, まき"
薄,16,艸,r10,ハク,"うす, うす, うすい, うすまる, うすめる, うすら, うすらぐ, うすれる, すすき"
薫,16,艸,pC,クン,かおる
薦,16,艸,q17,セン,すすめる
藩,18,艸,pD,ハン,
藤,18,艸,p1A,"トウ, ドウ",ふじ
藍,18,艸,p1D,ラン,あい
藻,19,艸,s19,ソウ,も
火,4,火,s20,カ,"び, ひ, ほ"
灯,6,火,p1A,トウ,"あかり, ともす, ともしび, ひ, ほ"
灰,6,火,pA,カイ,はい
災,7,火,pA,サイ,わざわい
炎,8,火,p1E,エン,ほのお
炊,8,火,p4,スイ,"だき, たく"
炉,8,火,p7,ロ,いろり
点,9,火,s28,テン,"さす, たてる, つく, つける, とぼす, ともす, ぼち"
炭,9,火,q15,タン,すみ
為,9,火,p4,イ,"する, ため, たり, つくる, なす, なる, なり"
為,9,火,q4,イ,"する, ため, たり, つくる, なす, なる, なり"
烈,10,火,r9,レツ,はげしい
焼,12,火,p12,ショウ,"やき, やき, やき, やく, やける"
焼,12,火,q18,ショウ,"やき, やき, やき, やく, やける"
然,12,火,p11,"ゼン, ネン","さ, しか, しかし, しかり"
無,12,火,p7,"ブ, ム",ない
煮,12,火,s6,シャ,"に, にえる, にやす, にる"
焦,12,火,p12,ショウ,"あせる, こがす, こがれる, こげる, じらす, じれる"
照,13,火,q18,ショウ,"てらす, てる, てれる"
煙,13,火,p11,エン,"けむい, けむる, けむり"
煩,13,火,pD,"ハン, ボン","うるさい, うるさがる, わずらう, わずらわす"
煎,13,火,q17,セン,"いる, せんじる, にる"
煎,13,火,p11,セン,"いる, せんじる, にる"
熊,14,火,p1,ユウ,くま
熱,15,火,r9,ネツ,あつい
熟,15,火,r1,ジュク,うれる
燃,16,火,p11,ネン,"もえる, もす, もやす"
燥,17,火,s19,ソウ,はしゃぐ
爆,19,火,q19,バク,はぜる
気,6,气,q5,"キ, ケ",き
木,4,木,r1,"ボク, モク","き, こ"
本,5,木,s13,ホン,もと
札,5,木,r8,サツ,ふだ
末,5,木,r7,"バツ, マツ","うら, うれ, すえ"
未,5,木,q5,"ビ, ミ","いまだ, ひつじ, まだ"
机,6,木,p5,キ,つくえ
朽,6,木,s25,キュウ,くちる
朱,6,木,p7,シュ,あけ
朴,6,木,r1,ボク,"えのき, ほう, ほお"
村,7,木,pD,ソン,むら
来,7,木,pA,"タイ, ライ","き, きたす, きたる, きたす, きたる, くる, こ"
材,7,木,pA,ザイ,
束,7,木,r2,ソク,"たば, たばねる, つか, つかねる"
条,7,木,p12,"ジョウ, チョウ, デキ","えだ, すじ"
杉,7,木,p1F,サン,すぎ
林,8,木,p1C,リン,はやし
東,8,木,p1,トウ,ひがし
板,8,木,s15,"ハン, バン",いた
果,8,木,s20,カ,"はたす, はてる, はたす, はて, はてる, はたす"
松,8,木,p2,ショウ,まつ
枝,8,木,p4,シ,えだ
枚,8,木,pA,"バイ, マイ",
杯,8,木,pA,ハイ,さかずき
枢,8,木,p7,"シュ, スウ","からくり, とぼそ"
析,8,木,r12,セキ,
枕,8,木,s26,"シン, チン",まくら
柱,9,木,s7,チュウ,はしら
栄,9,木,p18,"エイ, ヨウ","ばえ, え, さかえる, はえ, はえる"
査,9,木,p16,サ,
染,9,木,s28,セン,"しみ, しみる, そまる, そめる"
枯,9,木,p7,コ,"からす, かれる"
柔,9,木,p1B,"ジュウ, ニュウ","やわ, やわら, やわらか, やわらかい"
柄,9,木,q24,ヘイ,"え, がら, つか"
架,9,木,q22,カ,"かかる, かける"
某,9,木,s25,ボウ,"それがし, なにがし"
柳,9,木,s25,リュウ,やなぎ
柿,9,木,q11,シ,かき
柵,9,木,q16,"サク, サン","しがらむ, しがらみ, とりで, やらい"
校,10,木,q19,"キョウ, コウ",
根,10,木,pD,コン,"ね, ね"
案,10,木,q15,アン,つくえ
梅,10,木,pA,バイ,うめ
桜,10,木,p18,"オウ, ヨウ",さくら
格,10,木,r10,"カク, キャク, コウ, ゴウ",
株,10,木,p7,シュ,かぶ
桃,10,木,p14,トウ,もも
桑,10,木,p17,ソウ,くわ
核,10,木,r6,カク,
栽,10,木,pA,サイ,
桟,10,木,s15,"サン, セン",かけはし
栓,10,木,p11,セン,
桁,10,木,p18,コウ,けた
械,11,木,q10,カイ,かせ
梗,11,木,s23,"キョウ, コウ","おおむね, ふさぐ, やまにれ"
梨,11,木,p4,リ,なし
梨,11,木,p8,リ,なし
森,12,木,p1C,シン,もり
植,12,木,q4,ショク,"うえる, うわる"
極,12,木,r13,"キョク, ゴク","ぎめ, きまる, きめる, きわまり, きわまる, きわみ, きわめる"
検,12,木,s28,ケン,しらべる
棒,12,木,s3,ボウ,
棋,12,木,p4,キ,ご
棺,12,木,pE,カン,
棚,12,木,p18,ホウ,"だな, たな"
棚,12,木,p1A,ホウ,"だな, たな"
棟,12,木,q1,トウ,"むな, むね"
椅,12,木,s4,イ,
椎,12,木,p4,"スイ, ツイ","うつ, つち"
楽,13,木,q19,"ガク, ゴウ, ラク","このむ, たのしい, たのしむ"
業,13,木,r17,"ギョウ, ゴウ",わざ
棄,13,木,q4,キ,すてる
楼,13,木,p1B,ロウ,たかどの
楷,13,木,p9,カイ,
楷,13,木,s9,カイ,
様,14,木,q23,"ショウ, ヨウ","さま, さん"
構,14,木,q26,コウ,"かまう, かまえる"
模,14,木,p7,"ボ, モ",
概,14,木,q11,ガイ,おおむね
横,15,木,p18,オウ,よこ
横,15,木,q24,オウ,よこしま
標,15,木,p12,ヒョウ,"しるし, しるべ"
権,15,木,p11,"ケン, ゴン","おもり, かり, はかる"
槽,15,木,p14,ソウ,ふね
橋,16,木,p12,キョウ,はし
機,16,木,p5,キ,はた
樹,16,木,s7,ジュ,き
麓,19,木,r1,ロク,ふもと
欄,20,木,pE,ラン,てすり
止,4,止,s4,シ,"さし, さす, とめる, どまり, どめ, やむ, とまる, とめる, とどまる, とどめ, とどめる, やむ, やめる, よす"
正,5,止,p18,"ショウ, セイ",としあけ
正,5,止,q24,"ショウ, セイ","ただしい, ただす, まさ, まさに"
歩,8,止,q7,"フ, ブ, ホ","あゆむ, あるく"
武,8,止,s7,"ブ, ム","たけ, たけし"
歳,13,止,q8,"サイ, セイ","とし, とせ, よわい"
歴,14,止,r12,"レキ, レッキ",
日,4,日,r4,"ジツ, ニチ","か, び, ひ"
旧,5,日,q26,キュウ,"ふるい, もと"
旦,5,日,q15,"タン, ダン","あきらか, あきら, あさ, あした, ただし"
早,6,日,s19,"サッ, ソウ","さ, はや, はや, はやい, はやまる, はやめる"
旨,6,日,s4,シ,"うまい, むね"
旬,6,日,pB,"シュン, ジュン",
明,8,日,p18,"ミョウ, ミン, メイ","あけ, あかす, あかり, あく, あくる, あける, あからむ, あかるい, あかるむ, あきらか"
昔,8,日,r10,"シャク, セキ",むかし
易,8,日,q4,"イ, エキ","やさしい, やすい"
昇,8,日,p1A,ショウ,のぼる
昆,8,日,pD,コン,
旺,8,日,q23,"オウ, キョウ, ゴウ","うつくしい, かがやき, さかん"
春,9,日,pB,シュン,はる
星,9,日,p19,"ショウ, セイ","ぼし, ほし"
昼,9,日,q26,チュウ,ひる
昭,9,日,p12,ショウ,
昨,9,日,r10,サク,
映,9,日,q24,エイ,"ばえ, うつす, うつる, はえる"
是,9,日,s4,"シ, ゼ","ここ, この, これ"
昧,9,日,q9,"バイ, マイ","くらい, むさぼる"
時,10,日,p4,ジ,"どき, とき"
晴,12,日,p18,セイ,"ばれ, はらす, はれ, はれ, はれる"
暑,12,日,s6,ショ,あつい
景,12,日,s23,ケイ,
晩,12,日,s13,バン,
普,12,日,s7,フ,"あまねく, あまねし"
晶,12,日,p18,ショウ,
暁,12,日,s17,"キョウ, ギョウ","あかつき, さとる"
暗,13,日,q17,アン,"くらい, くらむ, くれる"
暖,13,日,s13,"ダン, ノン","あたたか, あたたかい, あたたまる, あたためる"
暇,13,日,q22,カ,"いとま, ひま"
暮,14,日,q7,ボ,"くらす, くれる"
暦,14,日,r12,"リャク, レキ",こよみ
暴,15,日,q20,"バク, ボウ","あばく, あばれる"
暫,15,日,q28,ザン,しばらく
曇,16,日,p1D,ドン,くもる
曖,17,日,q11,アイ,くらい
曜,18,日,q18,ヨウ,
文,4,文,pC,"ブン, モン","あや, ふみ"
斑,12,文,pF,ハン,"ふ, まだら"
欠,4,欠,q29,"ケツ, ケン","かく, かける"
次,6,欠,q4,"シ, ジ","つぐ, つぎ"
欧,8,欠,p1B,オウ,"うたう, はく"
欧,8,欠,s25,オウ,"うたう, はく"
欲,11,欠,r2,ヨク,"ほしい, ほっする"
欺,12,欠,p4,ギ,あざむく
款,12,欠,s14,カン,
歌,14,欠,p15,カ,"うた, うたう"
歓,15,欠,pE,カン,よろこぶ
牛,4,牛,p1B,ギュウ,うし
物,8,牛,r5,"ブツ, モツ","もの, もの"
牧,8,牛,r1,ボク,まき
牲,9,牛,p18,セイ,
特,10,牛,r13,トク,
犠,17,牛,p4,"キ, ギ",いけにえ
改,7,攵,s10,カイ,"あらたまる, あらためる"
攻,7,攵,p1,コウ,せめる
放,8,攵,s22,ホウ,"っぱなし, こく, はなす, はなつ, はなれる, ほうる"
故,9,攵,q7,コ,"ふるい, もと, ゆえ"
政,9,攵,q24,"ショウ, セイ","まつりごと, まん"
敏,10,攵,s11,ビン,さとい
教,11,攵,p13,キョウ,"おしえる, おそわる"
教,11,攵,q19,キョウ,"おしえる, おそわる"
救,11,攵,q26,キュウ,すくう
敗,11,攵,q10,ハイ,やぶれる
散,12,攵,s14,サン,"ちらす, ちらかす, ちらかる, ちらす, ちらばる, ちる, ばら, ばらける"
敬,12,攵,q24,"キョウ, ケイ",うやまう
敢,12,攵,s27,カン,"あえず, あえて, あえない"
数,13,攵,s7,"サク, シュ, ス, スウ, ソク","かず, かぞえる, しばしば, せめる, わずらわしい"
敵,15,攵,r12,テキ,"あだ, かたき, かなう"
敷,15,攵,p7,フ,"しき, しく"
整,16,攵,s23,セイ,"ととのう, ととのえる"
戸,4,戸,s7,コ,と
戻,7,戸,q8,レイ,"もどす, もどる"
所,8,戸,s6,ショ,"ところ, とこ, ところ, どころ"
房,8,戸,p17,ボウ,ふさ
扇,10,戸,p11,セン,あおぐ
扇,10,戸,q17,セン,おうぎ
扉,12,戸,p5,ヒ,とびら
曲,6,曰,r2,キョク,"くま, まがる, まげる"
更,7,曰,p18,コウ,"ふかす, ふける"
更,7,曰,q24,コウ,"さら, さらに"
冒,9,曰,q20,ボウ,おかす
書,10,曰,p6,ショ,"がき, がき, かく"
曹,11,曰,p14,"ソウ, ゾウ",
曽,11,曰,p1A,"ソ, ソウ, ゾウ","かつ, かつて, すなわち"
最,12,曰,q9,"サイ, シュ","つま, もっとも"
替,12,曰,q8,タイ,"かえ, かえる, かわる"
斤,4,斤,pC,キン,
斥,5,斤,r11,セキ,しりぞける
断,11,斤,s14,ダン,"ことわる, さだめる, たつ"
斬,11,斤,s29,"サン, ザン, セン, ゼン",きる
新,13,斤,pB,シン,"あたらしい, あら, あらた, にい"
月,4,月,r6,"ガツ, ゲツ",つき
有,6,月,s25,"ウ, ユウ",ある
服,8,月,r1,フク,
朗,10,月,s22,ロウ,"あきらか, ほがらか"
朕,10,月,s11,チン,
望,11,月,p17,"ボウ, モウ","のぞむ, もち"
望,11,月,q23,"ボウ, モウ","のぞむ, もち"
朝,12,月,p12,チョウ,あさ
期,12,月,p4,"キ, ゴ",
父,4,父,s7,フ,ちち
母,5,母,s25,ボ,"はは, も"
毎,6,母,s10,マイ,"ごとに, ごと"
毒,8,母,r2,ドク,
方,4,方,p17,ホウ,"かた, がた, かた"
施,9,方,p4,"シ, セ",ほどこす
施,9,方,q4,"シ, セ",ほどこす
旅,10,方,s6,リョ,たび
族,11,方,r1,ゾク,
旋,11,方,p11,セン,"いばり, めぐる"
旋,11,方,q17,セン,"いばり, めぐる"
旗,14,方,p4,キ,はた
毛,4,毛,p14,モウ,け
死,6,歹,s4,シ,"しに, しぬ"
残,10,歹,pE,"サン, ザン","そこなう, のこす, のこり, のこる"
殊,10,歹,p7,シュ,こと
殉,10,歹,q12,ジュン,
殖,12,歹,r13,ショク,"ふえる, ふやす"
殴,8,殳,s25,オウ,なぐる
段,9,殳,q15,"タン, ダン",
殺,10,殳,q10,"サイ, サツ, セツ","ごろし, あやめる, ころす, そぐ"
殻,11,殳,r3,"カク, コク, バイ","から, がら"
殿,13,殳,q17,"テン, デン","どの, との"
毀,13,殳,s4,キ,"こぼつ, こぼれる, こわす, こわれる, そしる, やぶる"
氏,4,氏,s4,シ,"うじ, うじ"
民,5,氏,pB,ミン,たみ
成,6,戈,p18,"ジョウ, セイ","なす, なす, なる"
我,7,戈,s20,ガ,"わ, わが, わが, われ"
戒,7,戈,q10,カイ,いましめる
戚,11,戈,r12,"セキ, ソク","いたむ, うれえる, みうち"
戦,13,戈,q17,セン,"いくさ, おののく, そよぐ, たたかう, わななく"
載,13,戈,s10,サイ,"のせる, のる"
戯,15,戈,p4,"ギ, ゲ","ざれる, じゃれる, たわむれる"
戯,15,戈,q4,"ギ, ゲ","ざれる, じゃれる, たわむれる"
戴,17,戈,q11,タイ,いただく
斗,4,斗,s25,"ト, トウ",
料,10,斗,p12,リョウ,
料,10,斗,q18,リョウ,
斜,11,斗,p16,シャ,"ななめ, はす"
支,4,支,p4,シ,"かう, ささえる, つかえる"
片,4,片,q17,ヘン,"かた, かた"
版,8,片,s15,ハン,
比,4,比,p4,ヒ,くらべる
比,4,比,s4,ヒ,くらべる
爪,4,爪,s18,ソウ,"つま, つめ"
采,8,爪,s10,サイ,"いろどり, とる"
爵,17,爪,r10,シャク,
牙,5,牙,p16,"ガ, ゲ","きば, は"
王,4,王,p17,"ノウ, オウ",
王,4,王,q23,"ノウ, オウ",おさめる
玉,5,王,r2,ギョク,"だま, たま, たま"
玩,8,王,q15,ガン,"もちあそぶ, もてあそぶ"
珍,9,王,pB,チン,"たから, めずらしい"
班,10,王,pF,ハン,
珠,10,王,p7,シュ,たま
理,11,王,s4,リ,ことわり
球,11,王,p1B,キュウ,たま
現,11,王,q17,ゲン,"あらわす, あらわれる, うつつ, うつつ"
琴,12,王,p1C,"キン, ゴン",こと
璃,15,王,p4,リ,
瑠,14,王,p1B,"リュウ, ル",
環,17,王,pF,カン,わ
璧,18,王,r11,ヘキ,たま
璽,19,王,s4,ジ,
礼,5,示,s8,"ライ, レイ",
示,5,示,q4,"シ, ジ",しめす
社,7,示,s21,シャ,やしろ
祈,8,示,p5,キ,いのる
祉,8,示,s4,シ,
神,9,示,pB,"シン, ジン","かみ, かん, こう"
祝,9,示,r1,"シュウ, シュク",いわう
祖,9,示,s7,ソ,
祥,10,示,p17,ショウ,"きざし, さいわい, つまびらか, よい"
祭,11,示,q8,サイ,"まつり, まつる, まつり"
票,11,示,p12,ヒョウ,
票,11,示,q18,ヒョウ,
福,13,示,r1,フク,
禁,13,示,p1C,キン,
禁,13,示,q27,キン,
禍,13,示,s20,カ,わざわい
禅,13,示,p11,"セン, ゼン",
禅,13,示,q17,"セン, ゼン","しずか, ゆずる"
既,10,无,q5,キ,すでに
考,6,耂,s19,コウ,"かんがえ, かんがえる"
老,6,耂,s19,ロウ,"おいる, ふける"
者,8,耂,s21,シャ,もの
肉,6,肉,r1,ニク,しし
肌,6,肉,p4,キ,はだ
肝,7,肉,pE,カン,きも
肖,7,肉,q18,ショウ,あやかる
肘,7,肉,s25,チュウ,ひじ
育,8,肉,r1,イク,"そだち, そだつ, そだてる, はぐくむ"
肥,8,肉,p5,ヒ,"こえる, こやし, こやす, こえ, ふとる"
肩,8,肉,p11,ケン,かた
肪,8,肉,p17,ボウ,
肯,8,肉,s24,コウ,がえんじる
肢,8,肉,p4,シ,
股,8,肉,s7,コ,"また, もも"
胃,9,肉,q5,イ,
肺,9,肉,q11,ハイ,
背,9,肉,q11,ハイ,"せ, せい, そむく, そむける"
胎,9,肉,pA,タイ,
胆,9,肉,s27,タン,きも
胞,9,肉,p13,ホウ,
脈,10,肉,r11,ミャク,すじ
能,10,肉,p1A,ノウ,"あたう, よく"
胸,10,肉,p2,キョウ,"むな, むね"
脂,10,肉,p4,シ,あぶら
胴,10,肉,q1,ドウ,
脅,10,肉,q29,キョウ,"おどかす, おどす, おびやかす"
脊,10,肉,r11,セキ,"せ, せい"
脇,10,肉,r17,キョウ,"わき, わけ"
脳,11,肉,s19,"ドウ, ノウ",のうずる
脚,11,肉,r10,"カク, キャ, キャク",あし
脱,11,肉,r7,ダツ,"ぬぐ, ぬげる"
腕,12,肉,q15,ワン,うで
腸,13,肉,p17,チョウ,"はらわた, わた"
腹,13,肉,r1,フク,はら
腰,13,肉,p12,ヨウ,こし
腫,13,肉,s2,"シュ, ショウ","はらす, はれ, はれる, はれもの"
腎,13,肉,s11,ジン,
腐,14,肉,s7,フ,"くさる, くさす, くさらす, くさる, くされ, くされる"
膜,14,肉,r10,マク,
膚,15,肉,p7,フ,はだ
膝,15,肉,r4,シツ,ひざ
膨,16,肉,p18,ボウ,"ふくらむ, ふくれる"
膳,16,肉,q17,"セン, ゼン","かしわ, すすめる, そなえる"
臆,17,肉,r13,"オク, ヨク","おくする, むね"
臓,19,肉,q23,ゾウ,はらわた
置,13,网,q4,チ,"おき, おく"
罪,13,网,s10,ザイ,つみ
署,13,网,q6,ショ,
罰,14,网,r6,"ハツ, バチ, バツ",ばっする
罷,15,网,s9,ヒ,"まかり, やめる"
罵,15,网,q22,バ,ののしる
羅,19,网,p15,ラ,うすもの
穴,5,穴,r9,ケツ,あな
究,7,穴,q26,"キュウ, ク",きわめる
空,8,穴,p1,クウ,"あき, あく, あける, から, すかす, すく, そら, むなしい"
空,8,穴,s1,クウ,あな
突,8,穴,r6,"カ, トツ",つく
窃,9,穴,r9,セツ,"ぬすむ, ひそか"
窓,11,穴,p3,"ス, ソウ","けむだし, てんまど, まど"
窒,11,穴,r4,チツ,
窟,13,穴,r6,"クツ, コツ","あな, いはや, いわや"
窮,15,穴,p1,"キュウ, キョウ","きわまり, きわまる, きわみ, きわめる"
窯,15,穴,p12,ヨウ,かま
生,5,生,p18,"ショウ, セイ","う, いかす, いきる, いける, うまれ, うまれる, うむ, うまれる, うまれ, おう, き, なす, なる, なま, なま, はえる, はやす, むす"
産,11,生,s15,サン,"うまれる, うむ, うぶ, むす"
石,5,石,r11,"コク, シャク, セキ",いし
研,9,石,p11,ケン,とぐ
砂,9,石,p16,"サ, シャ",すな
砕,9,石,q11,サイ,"くだく, くだける"
破,10,石,q21,ハ,"やぶる, やぶれる, われる"
砲,10,石,q19,ホウ,
硬,12,石,q24,コウ,かたい
硝,12,石,p12,ショウ,
硫,12,石,p1B,リュウ,
碁,13,石,p4,ゴ,
磁,14,石,p4,ジ,
碑,14,石,p4,ヒ,いしぶみ
確,15,石,r3,"カク, コウ","たしか, たしかめる"
磨,16,石,p15,マ,"する, みがく"
磨,16,石,q21,マ,いしうす
礁,17,石,p12,ショウ,
礎,18,石,s6,ソ,いしずえ
田,5,田,p11,デン,た
申,5,田,pB,シン,"さる, もうし, もうす"
由,5,田,p1B,"ユ, ユイ, ユウ","よる, よし"
甲,5,田,r17,"カン, コウ",きのえ
男,7,田,p1D,"ダン, ナン","お, おとこ"
町,7,田,p19,チョウ,まち
町,7,田,s24,チョウ,まち
画,8,田,q10,"エ, カイ, カク, ガ","えがく, かぎる, かくする, はかる, はかりごと"
界,9,田,q10,カイ,
畏,9,田,q5,イ,"おそれる, かしこ, かしこし, かしこまる"
留,10,田,p1B,"リュウ, ル","とまる, とめる, とどまる, とどめる, るうぶる"
畜,10,田,q26,チク,
畔,10,田,q15,ハン,"あぜ, くろ, ほとり"
畝,10,田,s7,"ホ, ボウ, ム, モ","うね, せ"
略,11,田,r10,リャク,"おかす, おさめる, はかる, はかりごと, はぶく, ほぼ"
異,11,田,q4,イ,"け, こと, ことなる"
番,12,田,pD,バン,つがい
畳,12,田,r16,"ジョウ, チョウ","かさなる, たたむ, たたみ"
畿,15,田,p5,キ,みやこ
白,5,白,r11,"ハク, ビャク","しら, しろ, しろい"
百,6,白,r11,"ヒャク, ビャク",もも
的,8,白,r12,テキ,まと
皇,9,白,p17,"オウ, コウ",
皆,9,白,p9,カイ,"みな, みんな"
目,5,目,r1,"ボク, モク","め, ま, め"
直,8,目,r13,"ジカ, ジキ, チョク","なおす, すぐ, ただちに, なおき, なおす, なおる"
盲,8,目,p17,モウ,めくら
盲,8,目,p18,モウ,めくら
県,9,目,p11,ケン,かける
県,9,目,q17,ケン,
相,9,目,p17,"ショウ, ソウ",あい
相,9,目,q23,"ショウ, ソウ",みる、かお
省,9,目,s23,"ショウ, セイ","かえりみる, はぶく"
看,9,目,pE,カン,みる
看,9,目,q15,カン,みる
盾,9,目,s11,ジュン,たて
眉,9,目,p4,"ビ, ミ",まゆ
真,10,目,pB,シン,"ま, ま, まこと"
眠,10,目,p11,ミン,"ねむい, ねむる"
眼,11,目,s15,"ガン, ゲン","まなこ, め"
眺,11,目,q18,チョウ,ながめる
睡,13,目,q4,スイ,"ねむい, ねむる"
督,13,目,r2,トク,
睦,13,目,r1,"ボク, モク","むつぶ, むつまじい, むつむ"
瞳,17,目,p1,"トウ, ドウ",ひとみ
瞭,17,目,s17,リョウ,あきらか
瞬,18,目,q12,シュン,"まじろぐ, またたく"
立,5,立,r14,"リットル, リツ, リュウ","たつ, たて, たてる, だて, だてる, たち, たつ, たて, たてる, たて"
竜,10,立,p2,"リュウ, リョウ, ロウ","いせ, たつ"
章,11,立,p17,ショウ,
童,12,立,p1,ドウ,わらべ
端,14,立,pE,タン,"ばた, は, はし, はた, はな"
競,20,立,q24,"キョウ, ケイ","きそう, くらべる, せる"
私,7,禾,p4,シ,"わたくし, わたし"
秀,7,禾,q26,シュウ,ひいでる
科,9,禾,p15,カ,
秋,9,禾,p1B,シュウ,"あき, とき"
秒,9,禾,s17,ビョウ,
秘,10,禾,q4,ヒ,"かくす, ひめる, ひそか"
称,10,禾,p1A,ショウ,"あげる, かなう, たたえる, となえる, はかる, ほめる"
称,10,禾,q25,ショウ,はかり
租,10,禾,p7,ソ,
秩,10,禾,r4,チツ,
移,11,禾,p4,イ,"うつす, うつる"
税,12,禾,q8,ゼイ,
程,12,禾,p18,テイ,"ほど, ほど"
稚,13,禾,q4,"ジ, チ","いとけない, おくて, おさない, おでる"
種,14,禾,s2,シュ,"ぐさ, たね"
穀,14,禾,r1,コク,
稲,14,禾,s19,"テ, トウ","いな, いね"
稿,15,禾,s19,コウ,"したがき, わら"
穂,15,禾,q4,スイ,ほ
稼,15,禾,q22,カ,かせぐ
稽,15,禾,p8,ケイ,"かんがえる, とどめる"
積,16,禾,q4,セキ,"づみ, つむ, つもり, つもる"
穏,16,禾,s13,オン,おだやか
穫,18,禾,q7,カク,
矢,5,矢,s4,シ,や
知,8,矢,p4,チ,"しらせる, しる"
短,12,矢,s14,タン,みじかい
矯,17,矢,s17,キョウ,ためる
用,5,用,q2,ヨウ,もちいる
皿,5,皿,s23,ベイ,さら
盆,9,皿,pD,ボン,
益,10,皿,r11,"エキ, ヤク",ます
盛,11,皿,p18,"ジョウ, セイ",もる
盛,11,皿,q24,"ジョウ, セイ","さかる, さかん"
盗,11,皿,q20,トウ,"ぬすみ, ぬすむ"
盟,13,皿,p18,メイ,
監,15,皿,p1F,カン,
監,15,皿,q30,カン,
盤,15,皿,pE,バン,
発,9,癶,r6,"ハツ, ホツ","あばく, おこる, たつ, つかわす, はなつ"
登,12,癶,p1A,"ショウ, チョウ, ト, トウ, ドウ","あがる, のぼる"
皮,5,皮,p4,ヒ,かわ
疫,9,疒,r11,"エキ, ヤク",
病,10,疒,q24,"ビョウ, ヘイ","やみ, やむ, やまい"
疲,10,疒,p4,ヒ,"づかれ, つからす, つかれる"
疾,10,疒,r4,シツ,はやい
症,10,疒,p1A,ショウ,
痕,11,疒,pD,コン,あと
痛,12,疒,q1,ツウ,"いたい, いたましい, いたむ, いためる"
痘,12,疒,q26,トウ,
痢,12,疒,q4,リ,
痩,12,疒,q26,"シュ, シュウ, ソウ, チュウ",やせる
痴,13,疒,p4,チ,"おろか, しれる"
瘍,14,疒,p17,ヨウ,かさ
療,17,疒,q18,リョウ,
癖,18,疒,r11,ヘキ,"くせ, くせに"
癒,18,疒,p7,ユ,"いえる, いやす, いやす"
癒,18,疒,s7,ユ,"いえる, いやす, いやす"
玄,5,玄,p11,ゲン,"くろ, くろい"
率,11,玄,q4,"シュツ, ソツ, リツ",ひきいる
疎,12,疋,p6,"ショ, ソ","うとい, うとむ, まばら"
疑,14,疋,p4,ギ,うたがう
甘,5,甘,p1D,カン,"あまい, あまえる, あまやかす, うまい"
甚,9,甘,s26,ジン,"はなはだ, はなはだしい"
矛,5,矛,p1B,"ボウ, ム",ほこ
瓦,5,瓦,s21,ガ,"かわら, ぐらむ"
瓶,11,瓦,p19,ビン,"かめ, へい"
衣,6,衣,p5,"イ, エ","ぎ, きぬ, ころも"
衣,6,衣,q5,"イ, エ",きる
表,8,衣,s17,ヒョウ,"おもて, あらわす, あらわす, あらわれる, おもて"
衷,9,衣,p1,チュウ,
被,10,衣,s4,ヒ,"おおう, かぶせる, かぶる, こうむる"
衰,10,衣,p4,スイ,おとろえる
袖,10,衣,q26,シュウ,そで
袋,11,衣,q11,"タイ, ダイ",ふくろ
裁,12,衣,pA,サイ,"さばく, たつ"
装,12,衣,p17,"ショウ, ソウ","よそおい, よそおう"
補,12,衣,s7,ホ,おぎなう
裂,12,衣,r9,レツ,"ぎれ, さく, さける"
裕,12,衣,q7,ユウ,
裏,13,衣,s4,リ,うら
裸,13,衣,s20,ラ,はだか
褐,13,衣,r7,カツ,
裾,13,衣,p6,"キョ, コ",すそ
製,14,衣,q8,セイ,
複,14,衣,q26,フク,
褒,15,衣,p14,ホウ,ほめる
襟,18,衣,p1C,キン,えり
襲,22,衣,r14,シュウ,"おそう, かさね"
糸,6,糸,p4,シ,いと
系,7,糸,q8,ケイ,
級,9,糸,r14,キュウ,
紀,9,糸,s4,キ,
約,9,糸,q18,ヤク,"つづまる, つづめる, つづまやか"
紅,9,糸,p1,"ク, コウ","あかい, くれない, べに"
糾,9,糸,s25,キュウ,ただす
紙,10,糸,s4,シ,かみ
素,10,糸,q7,"ス, ソ",もと
純,10,糸,pB,ジュン,
納,10,糸,r15,"トウ, ナ, ナッ, ナン, ノウ","おさめる, おさまる, おさめる"
紋,10,糸,pC,モン,
紛,10,糸,pC,フン,"まぎれ, まぎらす, まぎらわしい, まぎらわす, まぎれる"
索,10,糸,r10,サク,
紡,10,糸,s22,ボウ,つむぐ
細,11,糸,q8,サイ,"こまか, こまかい, ほそい, ほそる"
組,11,糸,s7,ソ,"ぐみ, くむ, くみ"
終,11,糸,p1,シュウ,"おわる, おえる, おわる, おわる, つい, ついに"
経,11,糸,p19,"キョウ, キン, ケイ","たつ, たていと, のり, はかる, へる"
紹,11,糸,s17,ショウ,
紺,11,糸,q28,コン,
紳,11,糸,pB,シン,
累,11,糸,p4,ルイ,つな、つなぐ
累,11,糸,s4,ルイ,かさなる
絵,12,糸,q9,"エ, カイ",
給,12,糸,r14,キュウ,"たまえ, たまう, たもう"
結,12,糸,r9,"ケチ, ケツ","むすぶ, ゆう, ゆわえる"
絶,12,糸,r9,ゼツ,"たえる, たつ, たやす"
統,12,糸,s1,トウ,"すべる, ほびる"
紫,12,糸,s4,シ,むらさき
絡,12,糸,r10,ラク,"からまる, からむ"
絞,12,糸,s18,コウ,"しまる, しめる, しぼる"
続,13,糸,r2,"キョウ, コウ, ショク, ゾク","つぐない, つづく, つづける"
絹,13,糸,q17,ケン,きぬ
継,13,糸,q8,ケイ,"つぐ, まま"
緑,14,糸,r2,"リョク, ロク",みどり
練,14,糸,q17,レン,"ねり, ねる"
総,14,糸,s1,ソウ,"すべて, すべて, ふさ"
綿,14,糸,p11,メン,わた
維,14,糸,p4,イ,
網,14,糸,s22,モウ,あみ
綱,14,糸,p17,コウ,つな
緒,14,糸,s6,"ショ, チョ","いとぐち, お"
綻,14,糸,q16,タン,ほころびる
線,15,糸,q17,セン,すじ
編,15,糸,p11,ヘン,"あみ, あむ"
縁,15,糸,p11,"ネン, エン","えにし, ゆかり, よすが"
縁,15,糸,q17,"ネン, エン","ふち, ふちどる, へり"
緩,15,糸,s13,カン,"ゆるい, ゆるむ, ゆるめる, ゆるやか"
緊,15,糸,s11,キン,"しまる, しめる"
締,15,糸,p8,テイ,"しめ, じめ, しまり, しまる, しめる"
締,15,糸,q8,テイ,"しめ, じめ, しまり, しまる, しめる"
縄,15,糸,p1A,ジョウ,"ただす, なわ"
縦,16,糸,p2,ジュウ,たて
縦,16,糸,s1,ジュウ,"ゆるい, ほしいまま"
緯,16,糸,q5,イ,"ぬき, よこいと"
繁,16,糸,pD,ハン,"しげく, しげる"
縛,16,糸,r10,バク,しばる
縫,16,糸,p2,ホウ,ぬう
縫,16,糸,q2,ホウ,ぬいめ
緻,16,糸,q4,チ,こまかい
績,17,糸,r12,セキ,
縮,17,糸,r1,シュク,"ちぢまる, ちぢむ, ちぢめる, ちぢらす, ちぢれる"
繊,17,糸,p1E,セン,
織,18,糸,q4,"シキ, ショク","おり, おり, おり, おる, おり"
繕,18,糸,q17,ゼン,つくろう
繭,18,糸,s16,ケン,"きぬ, まゆ"
繰,19,糸,p12,ソウ,くる
繰,19,糸,s19,ソウ,くる
耳,6,耳,s4,ジ,みみ
聖,13,耳,q24,"ショウ, セイ",ひじり
聞,14,耳,pC,"ブン, モン","きく, きこえる"
聞,14,耳,q13,"ブン, モン","きく, きこえる"
聴,17,耳,p19,"チョウ, テイ","きく, ゆるす"
聴,17,耳,q25,"チョウ, テイ","きく, ゆるす"
職,18,耳,r13,"ショク, ソク",
竹,6,竹,r1,チク,たけ
笑,10,竹,q18,ショウ,"えむ, わらう"
第,11,竹,q8,"ダイ, テイ",
笛,11,竹,r12,テキ,ふえ
符,11,竹,p7,フ,
答,12,竹,r15,トウ,"こたえ, こたえる"
等,12,竹,s24,トウ,"ら, など, ひとしい"
筆,12,竹,r4,ヒツ,ふで
筋,12,竹,pC,キン,すじ
策,12,竹,r11,サク,
筒,12,竹,p1,トウ,つつ
節,13,竹,r4,"セチ, セツ","ぶし, のっと, ふし"
算,14,竹,s14,サン,そろ
管,14,竹,s14,カン,くだ
箇,14,竹,q21,"カ, コ",
箋,14,竹,p11,セン,ふだ
箱,15,竹,p17,ソウ,はこ
範,15,竹,s29,ハン,
箸,15,竹,q6,"チャク, チョ",はし
築,16,竹,r1,チク,きずく
篤,16,竹,r2,トク,あつい
簡,18,竹,s15,"カン, ケン","えらぶ, ふだ"
簿,19,竹,s7,ボ,
籍,20,竹,q22,セキ,
籠,22,竹,p1,"ル, ロウ","かご, こむ, こめる, こもる"
籠,22,竹,p2,"ル, ロウ","かご, こむ, こめる, こもる"
籠,22,竹,s1,"ル, ロウ","かご, こむ, こめる, こもる"
虫,6,虫,p1,"キ, チュウ",むし
虹,9,虫,p1,コウ,にじ
虹,9,虫,q3,コウ,にじ
蚕,10,虫,p1D,"サン, テン","かいこ, こ"
蚊,10,虫,pC,ブン,か
蛍,11,虫,p19,ケイ,ほたる
蛇,11,虫,p15,"イ, ジャ, ダ, ヤ",へび
蛇,11,虫,p16,"イ, ジャ, ダ, ヤ",へび
蛮,12,虫,pF,バン,えびす
蜂,13,虫,p2,ホウ,はち
蜜,14,虫,r4,"ビツ, ミツ",
融,16,虫,p1,ユウ,"とかす, とける"
羽,6,羽,s7,ウ,"は, はね, わ"
翁,10,羽,p1,オウ,おきな
習,11,羽,r14,"シュウ, ジュ","ならい, ならう"
翌,11,羽,r13,ヨク,
翼,17,羽,r13,ヨク,つばさ
翻,18,羽,pD,"ハン, ホン","ひるがえす, ひるがえる"
術,11,行,q4,ジュツ,すべ
街,12,行,p9,"カイ, ガイ",まち
衝,15,行,p2,ショウ,つく
衛,16,行,q8,"エ, エイ",
衡,16,行,p18,コウ,
自,6,自,q4,"シ, ジ","おのずから, おのずと, みずから"
臭,9,自,q26,シュウ,"くさい, くさい, におい, におう"
色,6,色,r13,"シキ, ショク",いろ
艶,19,色,q29,エン,"あでやか, つや, つやめく, なまめかしい, なまめく"
西,6,西,p8,"サイ, ス, セイ",にし
要,9,西,p12,ヨウ,"いる, もとめる"
要,9,西,q18,ヨウ,かなめ
覆,18,西,q26,フク,"おおう, くつがえす, くつがえる"
覇,19,西,q22,"ハ, ハク",はたがしら
舟,6,舟,p1B,シュウ,"ぶね, ふな, ふね"
航,10,舟,p17,コウ,
般,10,舟,pE,ハン,
般,10,舟,pF,ハン,
船,11,舟,p11,セン,"ふな, ふね"
舶,11,舟,r11,ハク,
舷,11,舟,p11,ゲン,"ふなばた, ふなべり"
艇,13,舟,s24,テイ,
艦,21,舟,s29,カン,
米,6,米,s8,"ベイ, マイ, メエトル","こめ, よね"
粉,10,米,s12,フン,"こ, こな, デシメートル"
粋,10,米,q4,スイ,いき
粒,11,米,r14,リュウ,つぶ
粗,11,米,p7,ソ,"あら, あらい"
粗,11,米,s7,ソ,"あら, あらい"
粘,11,米,p1E,ネン,ねばる
粧,12,米,p17,ショウ,
精,14,米,p18,"ショウ, セイ","くわしい, しらげる"
糖,16,米,p17,トウ,
糧,18,米,p17,"リョウ, ロウ",かて
血,6,血,r9,ケツ,ち
衆,12,血,q1,"シュ, シュウ",おおい
羊,6,羊,p17,ヨウ,ひつじ
美,9,羊,s4,"ビ, ミ",うつくしい
羞,11,羊,p1B,シュウ,"すすめる, はずかしい, はじる"
着,12,羊,r10,"ジャク, チャク","きせる, きる, つく, つける"
義,13,羊,q4,ギ,
群,13,羊,pC,グン,"むれ, むれる, むら, むらがる"
羨,13,羊,q17,"エン, セン","あまり, うらやむ"
良,7,艮,p17,リョウ,"いい, よい, いい, よい"
耕,10,耒,p18,コウ,たがやす
耗,10,耒,q20,"コウ, モウ",
臼,6,臼,s25,"キュウ, グ","うす, うすづく"
興,16,臼,p1A,"キョウ, コウ","おこす, おこる"
興,16,臼,q25,"キョウ, コウ",おもむき
舌,6,舌,r9,ゼツ,した
至,6,至,q4,シ,いたる
致,10,至,q4,チ,いたす
耐,9,而,q11,タイ,たえる
虎,8,虍,s7,コ,とら
虐,9,虍,r10,ギャク,しいたげる
虚,11,虍,p6,"キョ, コ","うつろ, むなしい"
虞,13,虍,p7,グ,"あざむく, あやまる, うれえる, おそれ, おもんぱかる, たのしむ, のぞむ, はかる"
虜,13,虍,s7,"リョ, ロ","とりく, とりこ"
缶,6,缶,s25,カン,かま
臣,7,臣,pB,"シン, ジン",
臨,18,臣,p1C,リン,のぞむ
舞,15,舛,s7,ブ,"まう, まう, まい"
頂,11,頁,s24,チョウ,"いただく, いただき"
頃,11,頁,s23,"キョウ, ケイ","ころ, ごろ, しばらく"
順,12,頁,q12,ジュン,
項,12,頁,s3,コウ,うなじ
須,12,頁,p7,"シュ, ス","すべからく, すべし, ひげ, まつ, もちいる, もとめる"
預,13,頁,q6,ヨ,"あずかる, あずける"
頑,13,頁,pF,ガン,かたくな
頒,13,頁,pF,ハン,"わかつ, わける"
頓,13,頁,q14,"トツ, トン","つまずく, とみに, とんと, にわかに, ぬかずく"
領,14,頁,s23,リョウ,えり
頭,16,頁,p1B,"ズ, ト, トウ","がしら, あたま, かしら, かぶり"
頼,16,頁,q9,ライ,"たのむ, たのもしい, たよる"
頰,16,頁,r16,キョウ,"ほお, ほほ"
頻,17,頁,pB,ヒン,しきりに
顔,18,頁,pF,ガン,かお
題,18,頁,p8,ダイ,
類,18,頁,q4,ルイ,たぐい
額,18,頁,r11,ガク,ひたい
顕,18,頁,s16,ケン,"あきらか, あらわれる"
顎,18,頁,r10,ガク,"あぎと, あご"
願,19,頁,q14,ガン,"ねがい, ねがう"
顧,21,頁,q7,コ,かえりみる
貝,7,貝,q9,バイ,かい
負,9,貝,s25,フ,"おう, まかす, まける"
貞,9,貝,pB,"ジョウ, テイ","さだ, ただしい"
貞,9,貝,p18,"ジョウ, テイ","さだ, ただしい"
財,10,貝,pA,"サイ, ザイ, ゾク",たから
貢,10,貝,q1,"ク, コウ",みつぐ
貨,11,貝,q21,カ,たから
責,11,貝,r11,セキ,せめる
貧,11,貝,pB,"ヒン, ビン",まずしい
販,11,貝,q14,ハン,
貫,11,貝,q15,カン,"つらぬく, ぬく, ぬき"
貪,11,貝,p1D,"タン, トン, ドン",むさぼる
買,12,貝,s9,バイ,かう
貯,12,貝,s6,チョ,"ためる, たくわえる"
費,12,貝,q5,ヒ,"ついえる, ついやす"
賀,12,貝,q21,ガ,
貸,12,貝,q11,タイ,"かし, かす, かし"
貴,12,貝,q5,キ,"たっとい, たっとぶ, とうとい, とうとぶ"
貼,12,貝,r16,"チョウ, テン","つく, はる"
貿,12,貝,q26,ボウ,
資,13,貝,p4,シ,
賃,13,貝,q27,チン,
賊,13,貝,r13,ゾク,
賄,13,貝,s10,ワイ,まかなう
賂,13,貝,q7,ロ,"まいない, まいなう"
賞,15,貝,s22,ショウ,ほめる
賛,15,貝,q15,サン,"たすける, たたえる"
質,15,貝,q4,"シチ, シツ, チ","ただす, たち, もと, わりふ"
賦,15,貝,q7,"フ, ブ",
賜,15,貝,q4,シ,"たまう, たまわる, たもう"
賠,15,貝,pA,バイ,
賓,15,貝,pB,ヒン,
賢,16,貝,p11,ケン,かしこい
賭,15,貝,s7,ト,"かける, かけ"
購,17,貝,q26,コウ,
贈,18,貝,q25,"ソウ, ゾウ",おくる
見,7,見,q17,ケン,"みえる, みせる, みる"
規,11,見,p4,キ,
視,11,見,s4,シ,みる
覚,12,見,q19,カク,"おぼえる, さます, さめる, さとる"
親,16,見,pB,シン,"おや, おや, したしい, したしむ"
覧,17,見,s27,ラン,みる
観,18,見,pE,カン,"しめす, みる"
車,7,車,p6,シャ,くるま
車,7,車,p16,シャ,くるま
軍,9,車,pC,グン,いくさ
軌,9,車,s4,キ,
軒,10,車,pD,ケン,のき
転,11,車,s16,テン,"うたた, うつる, くるめく, ころがす, ころがる, ころげる, ころぶ, まろぶ"
軟,11,車,s16,ナン,"やわらか, やわらかい"
軽,12,車,p18,"キョウ, キン, ケイ","かるい, かろやか, かろんじる"
軽,12,車,q24,"キョウ, キン, ケイ","かるい, かろやか, かろんじる"
軸,12,車,r1,ジク,
較,13,車,q19,"カク, コウ",くらべる
輪,15,車,pB,リン,わ
輝,15,車,p5,キ,かがやく
輩,15,車,q11,ハイ,"ばら, ともがら, やかい, やから"
輸,16,車,p7,"シュ, ユ",
輸,16,車,q7,"シュ, ユ",
轄,17,車,r8,カツ,くさび
赤,7,赤,r11,"シャク, セキ","あか, あか, あかい, あからむ, あからめる"
赦,11,赤,q22,シャ,
足,7,足,q7,ソク,"あし, たす, たりる, たる"
距,12,足,s6,キョ,"けづめ, へだたる"
路,13,足,q7,"ル, ロ","じ, みち"
跡,13,足,r11,セキ,あと
跳,13,足,p12,チョウ,"とび, とぶ, はねる"
践,13,足,s16,セン,ふむ
踊,14,足,s2,ヨウ,おどる
踏,15,足,r15,トウ,"ふまえる, ふむ"
踪,15,足,p2,"ショウ, ソウ",あと
蹴,19,足,r1,"シュウ, シュク",ける
躍,21,足,r10,ヤク,おどる
角,7,角,r1,カク,"かど, つの"
解,13,角,s9,"カイ, ゲ","さとる, とかす, とく, とける, ほどく, ほどける, わかる"
触,13,角,r2,ショク,"さわ, さわる, ふれる"
言,7,言,pD,"ゲン, ゴン","いう, こと"
計,9,言,q8,ケイ,"はからう, はかる"
訂,9,言,p19,テイ,ただす
訂,9,言,s24,テイ,ただす
訃,9,言,q7,フ,しらせ
記,10,言,q4,キ,しるす
訓,10,言,q13,"キン, クン","おしえる, くんずる, よむ"
討,10,言,s19,トウ,うつ
託,10,言,r10,タク,"かこつ, かこつける, かこつける"
許,11,言,s6,キョ,"もと, ゆるす"
設,11,言,r9,セツ,もうける
訪,11,言,q23,ホウ,"おとずれる, たずねる, とう"
訳,11,言,r11,ヤク,わけ
訟,11,言,q2,ショウ,
証,12,言,q24,ショウ,あかし
評,12,言,p18,ヒョウ,
評,12,言,q24,ヒョウ,
詞,12,言,p4,シ,ことば
訴,12,言,q7,ソ,うったえる
詠,12,言,q24,エイ,"うたう, よむ"
詐,12,言,q22,サ,いつわる
詔,12,言,q18,ショウ,みことのり
診,12,言,s11,シン,みる
話,13,言,q10,ワ,"はなす, はなし"
詩,13,言,p4,シ,うた
試,13,言,q4,シ,"こころみる, ためす"
誠,13,言,p18,セイ,まこと
詰,13,言,r4,"キチ, キツ","づめ, つまる, つむ, つめ, つめる"
誇,13,言,p16,コ,ほこる
詳,13,言,p17,ショウ,"くわしい, つまびらか"
誉,13,言,p6,ヨ,ほめる
誉,13,言,q6,ヨ,ほまれ
該,13,言,pA,ガイ,
詣,13,言,q8,"ケイ, ゲイ","いたる, けいする, まいる, もうでる"
詮,13,言,p11,セン,"あきらか, かい, せんずる"
語,14,言,s6,ゴ,"かたらう, かたる"
読,14,言,q26,"トウ, トク, ドク","よみ, よむ"
説,14,言,q8,"セツ, ゼイ",とく
誤,14,言,q7,ゴ,"あやまる, あやまる"
誌,14,言,q4,シ,
認,14,言,q12,ニン,"したためる, みとめる"
誘,14,言,s25,ユウ,"いざなう, さそう"
誓,14,言,q8,セイ,ちかう
談,15,言,p1D,ダン,
調,15,言,p12,チョウ,"ととのう, ととのえる"
調,15,言,q18,チョウ,"しらべ, しらべる"
課,15,言,q21,カ,
諸,15,言,p6,ショ,もろ
誕,15,言,s14,タン,
論,15,言,pB,ロン,あげつらう
論,15,言,q14,ロン,あげつらう
請,15,言,p18,"ショウ, シン, セイ","うける, こう"
請,15,言,s23,"ショウ, シン, セイ","うける, こう"
諾,15,言,r10,ダク,
謁,15,言,r6,エツ,
誰,15,言,p4,スイ,"た, たれ, だれ"
謡,16,言,p12,ヨウ,"うたい, うたう"
諮,16,言,p4,シ,はかる
謀,16,言,p1B,"ボウ, ム","たばかる, はかる, はかりごと"
諭,16,言,q7,ユ,さとす
諧,16,言,p9,カイ,"かなう, やわらぐ"
諦,16,言,q8,"タイ, テイ","あきらめる, つまびらか, まこと"
講,17,言,s3,コウ,
謝,17,言,q22,シャ,あやまる
謹,17,言,s12,キン,つつしむ
謙,17,言,p1E,ケン,へりくだる
謄,17,言,p1A,トウ,
謎,16,言,q8,"ベイ, メイ",なぞ
識,19,言,q4,シキ,"しる, しるす"
警,19,言,s23,ケイ,いましめる
譜,19,言,s7,フ,
議,20,言,q4,ギ,
護,20,言,q7,ゴ,まもる
譲,20,言,q23,ジョウ,ゆずる
谷,7,谷,r1,コク,"きわまる, たに"
走,7,走,s25,ソウ,はしる
赴,9,走,q7,フ,おもむく
起,10,走,s4,キ,"おきる, おこす, おこる, おこす, たつ"
越,12,走,r6,"エツ, オツ","こす, ごえ, ごし, こえる, こす"
超,12,走,p12,チョウ,"こえる, こす"
趣,15,走,s25,シュ,"おもむく, おもむき"
里,7,里,s4,リ,さと
重,9,里,p2,"ジュウ, チョウ","え, かさなる, かさねる"
重,9,里,s2,"ジュウ, チョウ","おも, おもい, おもなう, おもり"
野,11,里,s21,"ショ, ヤ","の, の"
量,12,里,p17,リョウ,はかる
量,12,里,q23,リョウ,はかり
酒,10,酉,s25,シュ,"さか, さけ"
配,10,酉,q11,ハイ,くばる
酌,10,酉,r10,シャク,くむ
酎,10,酉,q26,"チュ, チュウ",かもす
酔,11,酉,q4,スイ,"よ, よい, よう"
酢,12,酉,r10,サク,す
酬,13,酉,p1B,"シュ, シュウ, トウ",むくいる
酪,13,酉,r10,ラク,
酸,14,酉,pE,サン,すい
酵,14,酉,q19,コウ,
酷,14,酉,r2,コク,ひどい
醒,16,酉,p19,セイ,"さます, さめる"
醒,16,酉,s24,セイ,"さます, さめる"
醜,17,酉,s25,シュウ,"しこ, みにくい"
醸,20,酉,q23,ジョウ,かもす
身,7,身,pB,シン,み
豆,7,豆,q26,"ズ, トウ","まめ, まめ"
豊,13,豆,p1,"ブ, ホウ","とよ, ゆたか"
辱,10,辰,r2,ジョク,はずかしめる
農,13,辰,p2,ノウ,
辛,7,辛,pB,シン,"づらい, かのと, からい, つらい"
辞,13,辛,p4,ジ,"いなむ, やめる"
辣,14,辛,r7,ラツ,からい
豚,11,豕,pD,トン,ぶた
象,12,豕,s22,"ショウ, ゾウ",かたどる
豪,14,豕,p14,ゴウ,えらい
釈,11,釆,r11,"シャク, セキ","すてる, とく, ゆるす"
貌,14,豸,q19,"バク, ボウ","かたち, かたどる"
麦,7,麦,r11,バク,むぎ
麺,16,麦,q17,"ベン, メン",むぎこ
雨,8,雨,s6,ウ,"さめ, あま, あめ"
雪,11,雨,r9,セツ,ゆき
雲,12,雨,pC,ウン,"ぐも, くも"
雰,12,雨,pC,フン,
電,13,雨,q17,デン,
雷,13,雨,pA,ライ,"いかずち, いかづち, かみなり"
零,13,雨,p19,レイ,"こぼす, こぼれる, ぜろ"
需,14,雨,p7,ジュ,
震,15,雨,q12,シン,"ふるう, ふるえる, ふるわす, ふるわせる"
霊,15,雨,p19,"リョウ, レイ",たま
霜,17,雨,p17,ソウ,しも
霧,19,雨,q7,"ブ, ボウ, ム",きり
露,21,雨,q7,"ロ, ロウ",つゆ
金,8,金,p1C,"キン, コン, ゴン","がね, かな, かね"
針,10,金,p1C,シン,はり
釜,10,金,s7,フ,かま
釣,11,金,q18,チョウ,"つり, つり, つる"
鈍,12,金,q14,ドン,"なまる, なまくら, にぶ, にぶい, にぶる"
鉄,13,金,r9,テツ,くろがね
鉱,13,金,s23,コウ,あらがね
鉛,13,金,p11,エン,なまり
鉢,13,金,r7,"ハチ, ハツ",
鈴,13,金,p19,"リン, レイ",すず
銀,14,金,pB,ギン,しろがね
銭,14,金,p11,"セン, ゼン","すき, ぜに"
銅,14,金,p1,ドウ,あかがね
銃,14,金,q1,ジュウ,つつ
銘,14,金,p19,メイ,
鋭,15,金,q8,エイ,するどい
鋳,15,金,q7,"イ, シュ, シュウ, チュウ",いる
録,16,金,r2,ロク,"しるす, とる"
鋼,16,金,p17,コウ,はがね
錯,16,金,q7,"サク, シャク",
錠,16,金,q25,ジョウ,
錬,16,金,q17,レン,ねる
錦,16,金,s26,キン,にしき
錮,16,金,q7,コ,ふさぐ
鍛,17,金,q15,タン,きたえる
鍵,17,金,s16,ケン,かぎ
鍋,17,金,p15,カ,なべ
鎖,18,金,s20,サ,"くさり, とざす"
鎮,18,金,q12,チン,"おさえ, しずまる, しずめる"
鎌,18,金,p1E,"ケン, レン",かま
鏡,19,金,q24,"キョウ, ケイ",かがみ
鐘,20,金,p2,ショウ,かね
鑑,23,金,q30,カン,"かがみ, かんがみる"
青,8,青,p19,"ショウ, セイ","あお, あお, あおい"
静,14,青,s23,"ジョウ, セイ","しず, しずか, しずまる, しずめる"
門,8,門,pD,モン,"かど, と"
閉,11,門,q8,ヘイ,"しまる, しめる, たてる, とざす, とじる"
間,12,門,pF,"カン, ケン","あい, あいだ"
間,12,門,q16,"カン, ケン",ま
開,12,門,pA,カイ,"びらき, あく, あける, ひらき, ひらく, ひらける"
閑,12,門,pF,カン,
関,14,門,pF,カン,"ぜき, かかわる, からくり, かんぬき, せき"
閣,14,門,r10,カク,
閥,14,門,r6,バツ,
閲,15,門,r9,エツ,けみする
闇,17,門,s26,"アン, オン","くらい, やみ"
闘,18,門,q26,トウ,"あらそう, たたかう"
長,8,長,p17,チョウ,ながい
長,8,長,s22,チョウ,おさ
隻,10,隹,r11,セキ,
集,12,隹,r14,シュウ,"あつまる, あつめる, つどう"
雄,12,隹,p1,ユウ,"お, おす, おん"
雇,12,隹,s7,コ,やとう
雅,13,隹,s21,ガ,みやび
雑,14,隹,r15,"ザツ, ゾウ","まじえる, まじる"
雌,14,隹,p4,シ,"め, めす, めん"
難,18,隹,pE,ナン,"がたい, にくい, かたい, むずかしい, むつかしい, むづかしい"
難,18,隹,q15,ナン,わざわい、なじる
離,19,隹,p4,リ,"はなす, はなれる"
離,19,隹,q8,リ,"はなす, はなれる"
非,8,非,p5,ヒ,あらず
隷,16,隶,q8,レイ,"したがう, しもべ"
斉,8,斉,p8,"サイ, セイ","あたる, そろう, はやい, ひとしい, ひとしく"
斎,11,斉,p9,サイ,"いむ, いつく, いわう, つつしむ, とき, ものいみ"
食,9,食,q4,"ショク, ジキ","くう, くらう, たべる, はむ"
飢,10,食,p4,キ,うえる
飲,12,食,s26,"イン, オン","のみ, のむ"
飯,12,食,s13,ハン,めし
飼,13,食,q4,シ,かう
飾,13,食,r13,ショク,"かざり, かざる"
飽,13,食,s18,ホウ,"あかす, あきる, あく"
養,15,食,s22,"ヨウ, リョウ",やしなう
餓,15,食,q21,ガ,うえる
餌,14,食,s4,"ジ, ニ","え, えさ, えば, もち"
餅,14,食,s23,"ヒョウ, ヘイ","もち, もちい"
館,16,食,s14,カン,"たて, やかた"
音,9,音,p1C,"ノン, イン, オン","おと, ね"
韻,19,音,q13,イン,
響,20,音,s22,キョウ,ひびく
首,9,首,s25,シュ,くび
風,9,風,p1,"フ, フウ","かざ, かぜ"
面,9,面,q17,"ベン, メン","おも, おもて, つら"
飛,9,飛,p5,ヒ,"とばす, とばす, とぶ"
革,9,革,r11,カク,かわ
靴,13,革,p15,カ,くつ
靴,13,革,p16,カ,くつ
香,9,香,p17,"キョウ, コウ","か, かおり, かおる"
韓,18,韋,pE,カン,"いげた, から"
高,10,高,p14,コウ,"だか, たか, たかい, たかまる, たかめる"
馬,10,馬,s21,バ,"うま, うま, ま"
駅,14,馬,r11,エキ,
駆,14,馬,p7,ク,"かける, かる"
駆,14,馬,q7,ク,"かける, かる"
駄,14,馬,p15,"タ, ダ",
駄,14,馬,q21,"タ, ダ",
駐,15,馬,q7,チュウ,
駒,15,馬,p7,ク,こま
験,18,馬,q29,"ケン, ゲン","あかし, しるし, ためす, ためし"
騒,18,馬,p14,ソウ,"うれい, さわがしい, さわぐ"
騎,18,馬,p4,キ,またがる
騎,18,馬,q4,キ,うま
騰,20,馬,p1A,トウ,"あがる, のぼる"
驚,22,馬,p18,キョウ,"おどろかす, おどろく"
骨,10,骨,r6,コツ,ほね
骸,16,骨,p9,"カイ, ガイ",むくろ
髄,19,骨,s4,ズイ,
鬼,10,鬼,s4,キ,"おに, おに"
魂,14,鬼,pD,コン,"たま, たましい"
魅,15,鬼,q4,ミ,
魔,21,鬼,p15,マ,
髪,14,髟,r6,ハツ,かみ
鬱,29,鬯,r5,ウツ,"うっする, しげる, ふさぐ"
魚,11,魚,p6,ギョ,"ざかな, うお, さかな"
鮮,17,魚,p11,セン,あざやか
鯨,19,魚,p18,ゲイ,くじら
黄,11,黄,p17,"オウ, コウ","き, こ"
黒,11,黒,r13,コク,"くろ, くろい, くろずむ"
黙,15,黒,r13,"ボク, モク","だまる, もだす"
鳥,11,鳥,s17,チョウ,とり
鳴,14,鳥,p18,メイ,"なく, ならす, なる"
鶏,19,鳥,p8,ケイ,"とり, にわとり"
鶴,21,鳥,r10,カク,つる
鹿,11,鹿,r1,ロク,"か, しか"
麗,19,鹿,q8,レイ,"うららか, うるわしい"
麻,11,麻,p16,"マ, マア",あさ
亀,11,亀,p4,"キ, キュウ, キン",かめ
歯,12,歯,s4,シ,"は, よわい, よわい, よわいする"
齢,17,歯,p19,レイ,"とし, よわい"
鼓,13,鼓,s7,コ,つづみ
鼻,14,鼻,q4,ビ,はな
丑,4,一,s25,チュウ,うし
丞,6,一,p1A,"ショウ, ジョウ","すくう, たすける"
也,3,乙,s21,"エ, ヤ","か, なり, また"
之,3,丶,p4,シ,"この, これ, の, ゆく"
乃,2,丿,s10,"アイ, ダイ, ナイ, ノ","すなわち, なんじ, の"
乎,5,丿,p7,"オ, コ","ああ, か, かな, や, よ, を"
乍,5,丿,q22,"サ, サク","ながら, たちまち"
仇,4,人,p1B,"キュウ, グ","あた, あだ, かたき, つれあい"
什,4,人,r14,"シュウ, ジュウ",
仔,5,人,p4,シ,"こ, たえる"
仔,5,人,s4,シ,"こ, たえる"
伊,6,人,p4,イ,かれ
伍,6,人,s7,ゴ,いつつ
佑,7,人,s25,"ウ, ユウ",たすける
伽,7,人,p15,"カ, ガ, キャ, ギャ",とぎ
佃,7,人,p11,"テン, デン",つくだ
佃,7,人,q17,"テン, デン",つくだ
伶,7,人,p19,"リョウ, レイ",わざおぎ
侃,8,人,s14,カン,つよい
侠,8,人,r16,キョウ,"おとこだて, きゃん"
佼,8,人,s18,"キョウ, コウ","うつくしい, こうす"
侭,8,人,s11,ジン,"ことごとく, まま"
俄,9,人,p15,ガ,にわか
俣,9,人,s7,,また
倭,10,人,p15,"イ, ワ","したがう, やまと"
倶,10,人,p7,"ク, グ",ともに
倦,11,人,q17,ケン,"あきる, あぐねる, あぐむ, うむ, つかれる"
倖,10,人,s23,コウ,"さいわい, しあわせ"
偲,11,人,p4,"サイ, シ",しのぶ
偲,11,人,pA,"サイ, シ",しのぶ
傭,13,人,p2,"チョウ, ヨウ","あたい, ひとしい, やとう"
僑,14,人,p12,キョウ,
僻,15,人,r11,"ヒ, ヘイ, ヘキ","ひがむ, へきする"
儲,17,人,p6,チョ,"たくわえる, もうかる, もうける, もうけ"
云,4,二,pC,ウン,"いう, ここに"
亙,6,二,q25,"カン, コウ","もとめる, わたる"
亘,6,二,q25,"カン, コウ, セン","もとめる, わたる"
些,8,二,p16,"サ, シャ","いささか, ちっと, ちと"
廿,4,十,r14,"ジュウ, ニュウ",にじゅう
函,8,凵,p1D,カン,いれる
函,8,凵,p1F,カン,はこ
允,4,儿,s11,イン,"じょう, まことに, ゆるす"
兇,6,儿,p2,キョウ,"おそれる, わるい"
兎,8,儿,q7,"ツ, ト",うさぎ
尭,8,儿,p12,ギョウ,たかい
兜,11,儿,p1B,"ト, トウ",かぶと
其,8,八,p4,"キ, ギ, ゴ","その, それ"
劫,7,力,r17,"キョウ, コウ, ゴウ",おびやかす
亦,6,亠,r11,"エキ, ヤク",また
亥,6,亠,s10,"カイ, ガイ",い
亨,7,亠,p18,"キョウ, コウ, ホウ",とおる
亮,9,亠,q23,リョウ,あきらか
厨,12,厂,p7,"シュウ, ズ, チュ, チュウ",くりや
厭,14,厂,q29,"アン, エン, オウ, オン, ユウ, ヨウ","あきる, いとう, いや, おさえる"
厩,12,厂,q26,キュウ,うまや
剃,9,刀,q8,テイ,"する, そる, まい"
剥,10,刀,r3,"ハク, ホク","はがす, はがれる, はぐ, はげる, へぐ, へずる, むく, むける"
劃,14,刀,r11,カク,"かぎる, わかつ"
劉,15,刀,p1B,"リュウ, ル",ころす
冴,7,冫,q22,"コ, ゴ","こおる, さえる, ひえる"
凋,10,冫,p12,チョウ,しぼむ
凌,10,冫,p1A,リョウ,しのぐ
匙,11,匕,p4,シ,さじ
叉,3,又,p16,"サ, サイ, シャ",また
叛,9,又,q15,"ハン, ホン",そむく
叡,16,又,q8,エイ,あきらか
叢,18,又,p1,"ス, ソウ","くさむら, むら, むらがる"
冨,11,冖,q7,"フ, フウ","とむ, とみ"
叩,5,卩,s25,コウ,"すぎ, たたく, はたく"
卯,5,卩,s18,"ボウ, モウ",う
卿,12,卩,p18,"キョウ, ケイ",きみ
勺,3,勹,r10,シャク,
勿,4,勹,r5,"ブツ, ボツ, モチ","なかれ, なし"
夙,6,几,r1,シュク,"つとに, はやい"
凱,12,几,s10,"カイ, ガイ","かちどき, やわらぐ"
卜,2,卜,r1,ボク,"うらなう, うらない"
卦,8,卜,q10,"カ, カイ, ケ",うらかた
匡,6,匚,p17,"オウ, キョウ","すくう, ただす"
匪,10,匚,s5,ヒ,"あらず, かたみ"
孜,7,子,p4,シ,つとめる
孟,8,子,q24,"ボウ, ミョウ, モウ",かしら
壬,4,士,p1C,"イ, ジン, ニン",みずのえ
壷,11,士,p7,コ,つぼ
叶,5,口,r16,キョウ,"かなう, かなえる"
只,5,口,s4,シ,ただ
吃,6,口,r5,キツ,どもる
吋,6,口,s25,"スン, トウ, ドウ",インチ
吊,6,口,q18,チョウ,"つる, つるす"
吾,7,口,p7,ゴ,"あ, わが, われ"
呆,7,口,pA,ホウ,"あきれる, おろか, ほける, ぼける"
呑,7,口,pD,"トン, ドン",のむ
吠,7,口,q11,"ハイ, ベイ","ほえる, ほえる"
吻,7,口,s12,"フン, ブン","くちさき, くちわき"
咋,8,口,r11,"サ, サク","かむ, くう, くらう"
咳,9,口,pA,"カイ, ガイ","しわぶく, しわぶき, せく, せき"
咳,9,口,q11,"カイ, ガイ","しわぶく, しわぶき, せく, せき"
哉,9,口,pA,サイ,"かな, や"
唖,10,口,s21,"ア, アク",おし
哨,10,口,p12,ショウ,みはり
哨,10,口,q18,ショウ,みはり
啄,10,口,r1,"タク, ツク, トク","ついばむ, つつく"
哩,10,口,s4,リ,まいる
喬,12,口,p12,キョウ,たかい
喰,12,口,pD,,"くう, くらう"
喰,12,口,pE,,"くう, くらう"
喧,12,口,pD,ケン,"かまびすしい, やかましい"
喋,12,口,r16,"チョウ, トウ","しゃべる, ついばむ"
嘩,13,口,p16,"カ, ケ",かまびすしい
嘉,14,口,p16,カ,"よい, よみする"
嘘,14,口,p6,"キョ, コ","うそ, ふく"
嘘,14,口,q6,"キョ, コ","うそ, ふく"
嘗,14,口,p17,"ショウ, ジョウ","かつて, こころみる, なめる"
噛,15,口,s18,"コウ, ゴウ","かじる, かむ"
噌,14,口,p1A,"ショウ, ソ, ソウ",かまびすしい
噂,15,口,s13,ソン,うわさ
噸,16,口,pD,トン,
噸,16,口,s13,トン,
嚢,18,口,p17,"ドウ, ノウ",ふくろ
岨,8,山,s6,"ショ, ソ","いしやま, そば"
岱,8,山,q11,タイ,
峨,10,山,p15,ガ,けわしい
峨,10,山,s20,ガ,けわしい
峻,10,山,q12,シュン,"けわしい, たかい"
峯,10,山,p2,ホウ,"ね, みね"
嵯,13,山,p15,"サ, シ",
嵩,13,山,p1,"シュウ, スウ","かさ, かさむ, たかい"
嶋,14,山,s19,トウ,しま
嶺,17,山,s23,"リョウ, レイ",みね
巌,20,山,p1F,ガン,"いわ, いわお, けわしい"
圃,10,囗,s7,"フ, ホ","にわ, はたけ"
妓,7,女,s4,"キ, ギ","うたいめ, わざおぎ"
姑,8,女,p7,コ,"おば, しばらく, しゅうと, しゅうとめ"
姐,8,女,s21,"シャ, ソ","あね, ねえさん"
妾,8,女,r16,ショウ,"そばめ, めかけ, わらわ"
娃,9,女,p9,"ア, アイ, ワ",うつくしい
娃,9,女,p16,"ア, アイ, ワ",うつくしい
姶,9,女,r15,"アイ, オウ",あい
姦,9,女,pF,"カン, ケン","かしましい, かんする, みだら"
姪,9,女,r4,"イチ, イツ, ジチ, チツ, テツ","おい, めい"
姥,9,女,s7,"ボ, モ",うば
娩,11,女,s13,ベン,
娼,11,女,p17,ショウ,あそびめ
婁,11,女,p7,"ル, ロウ","つなぐ, ひく"
婁,11,女,p1B,"ル, ロウ","つなぐ, ひく"
嬉,15,女,p4,キ,"うれしい, たのしむ"
嬰,17,女,p18,エイ,"あかご, ふれる, みどりご"
嬬,17,女,p7,ジュ,よわい
嬬,17,女,q26,ジュ,よわい
尖,6,小,p1E,セン,"さき, するどい, とがる"
夷,6,大,p4,イ,"えびす, えみし, ころす, たいらげる"
奄,8,大,s28,エン,"おおう, たちまち"
套,10,大,s19,トウ,かさねる
圭,6,土,p8,"ケ, ケイ",
坐,7,土,s20,"サ, ザ","おわす, すわる, そぞろに, まします"
坤,8,土,pD,コン,"つち, ひつじさる"
坦,8,土,s14,タン,たいら
垢,9,土,s25,"ク, コウ","あか, はじ"
埴,11,土,q4,ショク,"はに, へな"
埠,11,土,q7,"フ, ホ","つか, はとば"
埜,11,土,s21,"ショ, ヤ",の
堰,12,土,s13,エン,"せく, せき"
堺,12,土,q10,カイ,さかい
堵,11,土,s7,ト,かき
填,13,土,p11,"チン, テン","うずめる, はめる, はまる, ふさぐ"
塙,13,土,r3,"カク, コウ","かたい, はなわ"
塘,13,土,p17,トウ,つつみ
塵,14,土,pB,"ジン, チン","ごみ, ちり"
壕,17,土,p14,"コウ, ゴウ",ほり
弘,5,弓,p1A,"グ, コウ",ひろい
弗,5,弓,r5,"フツ, ホチ","ず, どる"
弛,6,弓,s4,"シ, チ","たゆむ, たるむ, たるめる, ゆるみ, ゆるむ"
弼,12,弓,r4,ヒツ,"たすける, ゆだめ"
彊,16,弓,p17,"キョウ, ゴウ","つよい, つよまる, つよめる"
彊,16,弓,s22,"キョウ, ゴウ",しいる
迂,6,辵,p7,ウ,
迄,6,辵,r5,キツ,"およぶ, まで"
辿,6,辵,p11,テン,"たどる, たどり"
迩,8,辵,s4,"ジ, ニ",ちかい
迦,8,辵,p15,"カ, ケ",
迦,8,辵,p16,"カ, ケ",
這,10,辵,q17,"ゲン, シャ","この, はい, はう, むかえる"
逗,10,辵,q26,"ズ, トウ",とどまる
逢,10,辵,p2,ホウ,"あう, むかえる"
遥,12,辵,p12,ヨウ,はるか
遁,12,辵,s13,"シュン, トン",のがれる
逼,12,辵,r13,"ヒキ, ヒツ, ヒョク, フク","せまる, むかばき"
遼,15,辵,p12,リョウ,
宏,7,宀,p18,コウ,ひろい
宍,7,宀,r1,"ジク, ニク",しし
宋,7,宀,q2,ソウ,
宕,8,宀,q23,トウ,すぎる
宥,9,宀,q26,ユウ,"なだめる, ゆるす"
寅,11,宀,p4,イン,とら
寅,11,宀,pB,イン,とら
寓,12,宀,q7,"グ, グウ, ドウ","かこつける, かりずまい, ぐうする, よせる, よる"
寵,19,宀,s2,チョウ,"めぐみ, めぐむ"
匝,5,巾,r15,"キョウ, ソウ",めぐる
帖,8,巾,r16,"ジョウ, チョウ",かきもの
幌,13,巾,s22,コウ,"とばり, ほろ"
幡,15,巾,pD,"ハン, バン, ホン, マン",はた
彦,9,彡,q17,ゲン,ひこ
彪,11,彡,p1B,"ヒュウ, ヒョウ",あや
彬,11,彡,pB,"ヒン, フン","あきらか, うるわしい"
徽,17,彳,p5,キ,しるし
庄,6,广,p17,"ショウ, ソ, ソウ, ホウ",
庇,7,广,q4,ヒ,"おおう, かばう, ひさし"
庚,8,广,p18,コウ,かのえ
庖,8,广,p13,ホウ,くりや
庵,11,广,p1D,アン,"いお, いおり"
廓,14,广,r10,カク,"くるわ, とりで"
廠,15,广,s22,ショウ,
廟,15,广,q18,"ビョウ, ミョウ","たまや, みたまや, やしろ"
阿,8,阜,p15,"ア, オ","おもねる, くま"
阿,8,阜,r1,"ア, オ",
陀,8,阜,p15,"イ, ジ, タ, ダ, チ","けわしい, ななめ"
隈,12,阜,pA,"エ, ワイ","くま, すみ"
屍,9,尸,p4,シ,しかばね
屑,10,尸,r9,セツ,"いさぎよい, くず"
屡,12,尸,q7,ル,しばしば
屠,11,尸,p7,"チョ, ト",ほふる
邑,7,邑,r14,ユウ,むら
郁,9,邑,r1,イク,
耶,9,邑,p16,"ジャ, ヤ",か
鄭,15,邑,q24,"ジョウ, テイ",
廻,9,廴,pA,"エ, カイ","まわす, まわる, めぐらす, めぐる, もとおる"
廻,9,廴,q11,"エ, カイ","まわす, まわる, めぐらす, めぐる, もとおる"
廼,9,廴,s10,"アイ, ダイ, ナイ, ノ","すなわち, なんじ"
巳,3,己,s4,シ,み
巴,4,己,p16,ハ,"うずまき, ともえ"
巷,9,己,q3,コウ,ちまた
巽,12,己,q14,ソン,たつみ
尤,4,尢,p1B,ユウ,"とがめる, もっとも"
狗,8,犬,s25,"ク, コウ",いぬ
狛,8,犬,q22,ハク,こま
狐,9,犬,p7,コ,きつね
狽,10,犬,q9,"ケン, ハイ, バイ",
狸,10,犬,p4,"ライ, リ",たぬき
狼,10,犬,p17,ロウ,おおかみ
猪,11,犬,p6,チョ,"い, いのしし"
獅,13,犬,p4,シ,しし
猷,13,犬,p1B,"ユウ, ヨウ","はかる, はかりごと"
托,6,手,r10,タク,"たくする, たのむ"
扮,7,手,q16,"ハン, フン, ヘン","ふんする, やつす, よそおう"
按,9,手,q15,アン,"おさえる, しらべる"
挺,10,手,s24,"チョウ, テイ",ぬく
捌,10,手,r8,"ハチ, ハツ, ベツ","さばく, さばける, はけ"
挽,10,手,s13,バン,ひく
掩,11,手,s27,エン,おおう
掴,11,手,r11,カク,"つかまえる, つかまる, つかむ"
掬,11,手,r1,"キク, コク","きくす, すくう, たなごころ, むすぶ"
捲,11,手,s16,ケン,"まく, まくる, まくる, まくれる, めくる"
捷,11,手,r16,"ショウ, ソウ",はやい
掻,11,手,p14,ソウ,かく
捺,11,手,r7,"ダツ, ナツ","おす, さす"
捧,11,手,s2,ホウ,ささげる
掠,11,手,q23,"リャク, リョウ","かすめる, かする, かすれる"
揖,12,手,r14,"イツ, シュウ, ユ, ユウ",
揃,12,手,s16,セン,"きる, そろい, そろう, そろえる"
摸,13,手,p7,"バク, ボ, マク, モ, モウ",
摸,13,手,r10,"バク, ボ, マク, モ, モウ",
摺,14,手,r16,"シュウ, ショウ, ロウ","する, ひだ"
撹,15,手,s18,"カク, コウ",みだす
撒,15,手,r7,"サツ, サン",まく
撰,15,手,s15,"サン, セン","えらぶ, えらむ, せんする"
撞,15,手,p3,"シュ, トウ, ドウ",つく
撞,15,手,q3,"シュ, トウ, ドウ",つく
撚,15,手,s16,ネン,"ひねる, よる, よれる, より"
播,15,手,s20,"ハ, ハン, バン",まく
撫,15,手,s7,"フ, ブ",なでる
擢,17,手,r3,"タク, テキ","ぬく, ぬきんでる"
擾,18,手,s17,ジョウ,"みだす, みだれる, わずらわしい"
汀,5,水,p19,テイ,"なぎさ, みぎわ"
汝,6,水,s6,ジョ,"い, いまし, うぬ, し, しゃ, な, なむち, なれ, なんじ, まし, みまし"
汐,6,水,r11,セキ,"うしお, しお, せい"
汲,7,水,r14,キュウ,くむ
沌,7,水,s13,トン,くらい
沓,8,水,r15,トウ,くつ
沫,8,水,r7,"バツ, マツ","あわ, しぶき, つばき"
洩,9,水,r9,"エイ, セツ","のびる, もらす, もれる"
洲,9,水,p1B,"シュウ, ス",しま
洛,9,水,r10,ラク,
浩,10,水,s19,コウ,"おおきい, ひろい"
涛,10,水,p14,トウ,なみ
涜,10,水,r1,"トウ, トク","けがす, けがれ, みぞ"
涌,10,水,s2,"ユ, ユウ, ヨウ",わく
浬,10,水,p4,リ,"かいり, のっと"
淳,11,水,pB,"シュン, ジュン",あつい
渚,11,水,s6,ショ,なぎさ
淀,11,水,q17,"テン, デン",よどむ
淘,11,水,p14,トウ,よなげる
淋,11,水,p1C,リン,"さびしい, さみしい"
渥,12,水,r3,アク,"あつい, うるおう"
淵,12,水,p11,"エン, カク, コウ","かたい, はなわ, ふち"
渠,12,水,p6,キョ,"いずくんぞ, かれ, なに, なんぞ, みぞ"
湘,12,水,p17,ショウ,
湊,12,水,q26,ソウ,"あつまる, みなと"
湛,12,水,p1C,"ジン, セン, タン, チン","しずむ, たたえる"
湛,12,水,p1D,"ジン, セン, タン, チン","しずむ, たたえる"
湛,12,水,s29,"ジン, セン, タン, チン","しずむ, たたえる"
溌,12,水,r7,ハツ,"そそぐ, とびちる, もる"
溢,13,水,r4,イツ,"あふれる, こぼれる, みちる"
溜,13,水,q26,リュウ,"したたる, たまる, ためる, たまる, たまり, ため"
潅,14,水,q15,カン,そそぐ
漕,14,水,p14,ソウ,"こぐ, はこぶ"
漕,14,水,q20,ソウ,"こぐ, はこぶ"
漣,13,水,p11,"ラン, レン",さざなみ
漉,14,水,r1,ロク,"こし, こす, すく"
澗,15,水,q16,"カン, ケン","たに, たにみず"
澱,16,水,q17,"テン, デン","おり, どろ, よどみ, よどむ"
濠,17,水,p14,"コウ, ゴウ",ほり
濡,17,水,p7,"ジュ, ニュ","うるおい, うるおう, うるおす, ぬらす, ぬれる, ぬらす, ぬれる"
瀞,17,水,q24,"ショウ, ジュウ, セイ","きよい, とろ"
瀦,18,水,p6,チョ,
瀕,20,水,pB,ヒン,ほとり
瀧,19,水,p1,"ソウ, ロウ",たき
瀧,19,水,p3,"ソウ, ロウ",たき
灘,21,水,pE,"タン, ダン","せ, なだ"
灘,21,水,q15,"タン, ダン","せ, なだ"
怯,8,心,r17,"キョウ, コウ","おじる, おそれる, おびえる, おびえる, ひるむ"
忽,8,心,r6,コツ,"たちまち, ゆるがせ"
怜,8,心,p11,"リョウ, レイ, レン","あわれむ, さとい"
恢,9,心,pA,"カイ, ケ",ひろい
恰,9,心,r17,"カッ, キョウ, コウ, チョウ",あたかも
恕,10,心,q6,"ショ, ジョ",ゆるす
悌,10,心,s8,"ダイ, テイ",
惟,11,心,p4,"イ, ユイ","おもうに, おもんみる, これ"
惚,11,心,r6,コツ,"ほれる, ほける, ぼける"
悉,11,心,r4,"シチ, シツ","ことごと, ことごとく, つきる, つくす, つぶさに"
惇,11,心,pD,"シュン, ジュン, トン",あつい
惹,12,心,s21,"ジャ, ジャク",ひく
惣,12,心,q1,ソウ,すべて
悶,12,心,q14,モン,"もだえる, もだえる"
愈,13,心,p7,ユ,"いよいよ, まさる"
愈,13,心,s7,ユ,"いよいよ, まさる"
慧,15,心,q8,"エ, ケイ",さとい
慾,15,心,r2,ヨク,
憐,16,心,p11,レン,"あわれ, あわれむ"
芥,7,艸,q10,"カイ, ケ","あくた, からし, ごみ"
苅,7,艸,q11,"カイ, ガイ",かる
芹,7,艸,pC,キン,せり
芭,7,艸,p16,"ハ, バ",
芙,7,艸,p7,フ,
芦,7,艸,p7,ロ,"あし, よし"
苑,8,艸,s13,"エン, オン","うつ, その"
茄,8,艸,p15,カ,
茄,8,艸,p16,カ,
苫,8,艸,p1E,セン,とま
苫,8,艸,q29,セン,とま
苔,8,艸,pA,タイ,"こけ, こけら"
苧,8,艸,s6,チョ,"お, からむし, からんし"
茅,8,艸,p13,"ボウ, ミョウ","かや, ちがや"
苓,8,艸,p19,"リョウ, レイ",みみなぐさ
荊,9,艸,p18,ケイ,いばら
茸,9,艸,p1,"ジョウ, ニュ","きのこ, しげる, たけ"
茸,9,艸,p2,"ジョウ, ニュ","きのこ, しげる, たけ"
茸,9,艸,s2,"ジョウ, ニュ","きのこ, しげる, たけ"
荏,9,艸,s26,"ジン, ニン",
茜,9,艸,q17,セン,あかね
莞,10,艸,pE,カン,い
莞,10,艸,s15,カン,い
荻,10,艸,r12,テキ,おぎ
莫,10,艸,q7,"ナイ, バク, ボ, マク, モ","くれ, なかれ, なし"
莱,10,艸,pA,"ライ, リ","あかざ, あわち, こうがい"
菅,11,艸,pF,"カン, ケン",すげ
菖,11,艸,p17,ショウ,
萄,11,艸,p14,"トウ, ドウ",
菩,11,艸,p7,ボ,
萌,11,艸,p18,ホウ,"きざし, きざす, めばえ, もえる"
菱,11,艸,p1A,リョウ,ひし
萱,12,艸,pD,ケン,"かや, かんぞう"
葵,12,艸,p4,キ,あおい
韮,12,艸,s25,"キュウ, ク",にら
菰,12,艸,p7,コ,"こも, まこも"
萩,12,艸,p1B,シュウ,はぎ
葺,12,艸,r14,シュウ,"あし, ふく, ふき"
葱,12,艸,p1,ソウ,ねぎ
菟,11,艸,q7,"ツ, ト",うさぎ
董,12,艸,s1,トウ,ただす
葡,12,艸,p7,"ブ, ホ",
葦,13,艸,s5,イ,"あし, しおれる, しなびる, しぼむ, なえる, よし"
蓑,13,艸,p15,"サ, サイ",みの
蒜,13,艸,q15,サン,"にんにく, のびる, ひる"
蒔,13,艸,q4,"シ, ジ","うえる, まく"
蒐,13,艸,p1B,シュウ,"あかね, あつまる, あつめる"
蒋,13,艸,p17,"ショウ, ソウ","はげます, まこも"
蒋,13,艸,s22,"ショウ, ソウ","はげます, まこも"
蒼,13,艸,p17,ソウ,あおい
蒼,13,艸,s22,ソウ,あおい
蒲,13,艸,p7,"フ, ブ, ホ, ボ","かば, かま, がま"
蒙,13,艸,p1,"ボウ, モウ","おおう, くらい, こうむる"
蓉,13,艸,p2,ヨウ,
蓮,13,艸,p11,レン,"はす, はちす"
蔚,14,艸,q5,"イ, ウツ","うち, おとこよもぎ"
蔭,14,艸,p1C,"イン, オン",かげ
蔭,14,艸,q27,"イン, オン",かげ
蔦,14,艸,q18,チョウ,つた
蔓,14,艸,q14,"バン, マン","つる, はびこる"
蔀,14,艸,s25,"ダ, ダン, ブ, ホウ",しとみ
蓬,13,艸,p1,"ブ, ホウ",よもぎ
蕎,15,艸,p12,キョウ,そば
蕨,15,艸,r6,ケツ,わらび
蕉,15,艸,p12,ショウ,
蕊,15,艸,s4,ズイ,しべ
蕩,15,艸,s22,トウ,"うごく, とろかす, とろける"
蕃,15,艸,pD,"ハン, バン",
蕪,15,艸,p7,"ブ, ム","あれる, かぶ, かぶら"
薗,16,艸,pD,"エン, オン",その
薮,16,艸,s25,ソウ,やぶ
薙,16,艸,q8,"チ, テイ","かる, なぐ, なぎ"
蕗,16,艸,q7,"ル, ロ",ふき
藁,17,艸,s19,コウ,わら
薩,17,艸,r7,"サチ, サツ",
薯,16,艸,q6,ショ,いも
藷,18,艸,q6,"ショ, ジョ",いも
蘇,19,艸,p7,"ス, ソ",よみがえる
蘭,19,艸,pE,"ラ, ラン",
灸,7,火,s25,"キュウ, ク",やいと
灼,7,火,r10,シャク,"あらた, やく"
烏,10,火,p7,"ウ, オ","いずくんぞ, からす, なんぞ"
焔,11,火,q29,エン,ほのお
烹,11,火,p18,ホウ,にる
焚,12,火,pC,"ハン, フン, ホン","たく, やく, やきがり"
煤,13,火,pA,"バイ, マイ",すす
煉,12,火,q17,レン,ねる
煽,14,火,p11,セン,"あおる, おこる, おだてる"
煽,14,火,q17,セン,"あおる, おこる, おだてる"
熔,14,火,p2,ヨウ,"いがた, とかす, とける"
燕,16,火,q17,エン,"つばくら, つばくろ, つばめ"
燈,16,火,p1A,トウ,"あかり, ともす, ともしび, ひ, ほ"
燦,17,火,q15,サン,"あきらか, きらめく, きらめく, さんたる"
燭,17,火,r2,"ショク, ソク",ともしび
燐,17,火,pB,リン,
燐,17,火,q12,リン,
杏,7,木,s23,"アン, キョウ, コウ",あんず
杓,7,木,r10,"シャク, チョウ, テキ, ヒョウ",ひしゃく
杖,7,木,s22,ジョウ,つえ
杜,7,木,s7,"ズ, ト, トウ","ふさぐ, もり, やまなし"
李,7,木,s4,リ,すもも
杭,8,木,p17,コウ,くい
杵,8,木,s6,"ショ, ソ",きね
杷,8,木,p16,ハ,つか
杷,8,木,q22,ハ,つか
枇,8,木,p4,"ヒ, ビ",
枇,8,木,r4,"ヒ, ビ",
柑,9,木,p1D,"カン, コン",
柘,9,木,q22,"シャ, ジャク","そ, つげ, やまぐわ"
柊,9,木,p1,"シュ, シュウ",ひいらぎ
柁,9,木,p15,"タ, ダ",かじ
柁,9,木,s20,"タ, ダ",かじ
栂,9,木,pA,,"つが, とが"
柏,9,木,r11,"ハク, ヒャク, ビャク",かしわ
柾,9,木,q26,,"まさ, まさき, まさめ"
柚,9,木,q26,"ジク, ユ, ユウ",ゆず
桧,10,木,q9,カイ,"ひ, ひのき"
桓,10,木,pE,カン,
桔,10,木,r9,"キツ, ケツ",
桂,10,木,q8,ケイ,かつら
柴,10,木,p9,"サイ, シ",しば
柴,10,木,q4,"サイ, シ",
栖,10,木,p8,セイ,すむ
栴,10,木,p11,"セイ, セン",もみじ
桐,10,木,p1,"トウ, ドウ",きり
栗,10,木,r4,"リ, リツ","おののく, くり"
栢,10,木,r11,"ハク, ヒャク",かしわ
梧,11,木,p7,ゴ,あおぎり
梱,11,木,s13,コン,"こうる, こうり, こり, しきみ"
梓,11,木,s4,シ,あずさ
梢,11,木,p13,ショウ,"くすのき, こずえ"
梯,11,木,p8,"タイ, テイ",はしご
桶,11,木,s1,"トウ, ヨウ",おけ
梼,11,木,p14,トウ,
梶,11,木,s5,ビ,"かじ, こずえ"
椛,11,木,p16,,"かば, もみじ"
椛,11,木,q22,,"かば, もみじ"
梁,11,木,p17,リョウ,"うちばり, うつばり, はし, はり, やな"
棲,12,木,p8,セイ,すむ
棉,12,木,p11,メン,わた
椋,12,木,p17,リョウ,むく
椀,12,木,s14,ワン,はち
楢,13,木,p1B,"シュウ, ユウ",なら
楯,13,木,s11,ジュン,たて
楚,13,木,s6,"ショ, ソ","いばら, しもと, すわえ"
楕,13,木,s20,"タ, ダ",
椴,13,木,q15,"タン, ダン, トド",むくげ
椿,13,木,pB,"チュン, チン",つばき
楠,13,木,p1D,"ゼン, ダン, ナン, ネン","くす, くすのき"
楠,13,木,p1E,"ゼン, ダン, ナン, ネン","くす, くすのき"
楳,13,木,pA,バイ,うめ
楓,13,木,p1,フウ,かえで
楊,13,木,p17,ヨウ,やなぎ
榎,14,木,s21,カ,えのき
樺,14,木,p16,カ,"かば, かんば"
樺,14,木,q22,カ,"かば, かんば"
榛,14,木,pB,"シン, ハン","はしばみ, はり"
槙,14,木,s11,"シン, テン","こずえ, まき"
槍,14,木,p17,"ショウ, ソウ",やり
槌,13,木,p4,ツイ,つち
槌,13,木,q4,ツイ,つち
榔,13,木,p17,ロウ,
槻,15,木,p4,キ,つき
樟,15,木,p17,ショウ,くす
樗,15,木,p6,チョ,"おうち, おおち"
樋,14,木,p1,トウ,"とい, ひ"
橘,16,木,r4,キツ,たちばな
樵,16,木,p12,ショウ,"きこる, きこり, こる"
橡,16,木,s22,"ショウ, ゾウ","くぬぎ, とち"
樽,16,木,pD,ソン,たる
橿,17,木,p17,キョウ,"かし, もちのき"
檎,17,木,p1C,"キン, ゴ, ゴン",
檀,17,木,pE,"タン, ダン",まゆみ
櫛,17,木,r4,シツ,"くし, くしけずる"
櫓,19,木,s7,ロ,"おおだて, やぐら"
櫨,20,木,p7,ロ,はぜ
欝,26,木,r5,"ウツ, ウン","うっする, しげる, ふさぐ"
此,6,止,s4,シ,"ここ, この, これ"
歪,9,止,p9,"エ, ワイ","いがむ, いびつ, ひずむ, ゆがむ"
旭,6,日,r2,キョク,あさひ
昂,8,日,p17,"コウ, ゴウ","あがる, たかい, たかぶる"
昏,8,日,pD,コン,"くらい, くれ"
昌,8,日,p17,ショウ,さかん
晃,10,日,s22,コウ,あきらか
晒,10,日,q10,"サイ, シ","さらす, さらし"
晋,10,日,q12,シン,すすむ
晦,10,日,q11,カイ,"くらい, くらむ, つごもり, みそか"
智,12,日,q4,チ,
暢,14,日,q23,チョウ,のびる
曙,17,日,q6,ショ,あけぼの
曝,19,日,q20,"バク, ホク, ボク",さらす
斐,12,文,s5,"イ, ヒ",
斌,12,文,pB,"ヒン, フン","あきらか, うるわしい"
欣,8,欠,pC,"キン, コン, ゴン","よろこび, よろこぶ"
欽,12,欠,p1C,"キン, コン",つつしむ
歎,14,欠,pE,タン,"なげき, なげく"
歎,14,欠,q15,タン,"なげき, なげく"
牝,6,牛,s11,ヒン,"め, めす, めん"
牟,6,牛,p1B,"ボウ, ム",
牡,7,牛,s7,"ボ, ボウ","お, おす, おん"
牢,7,牛,p14,ロウ,"かたい, ひとや"
牽,11,牛,p11,ケン,ひく
牽,11,牛,q17,ケン,ひく
犀,12,牛,p8,"サイ, セイ",
敦,12,攵,pD,"タイ, ダン, チョウ, トン",あつい
曳,6,曰,q8,エイ,ひく
曾,12,曰,p1A,"ソ, ソウ, ゾウ","かって, かつて, すなわち"
斧,8,斤,s7,フ,おの
斯,12,斤,p4,シ,"か, かく, こう, ここに, この, これ"
朋,8,月,p1A,ホウ,とも
朔,10,月,r3,サク,ついたち
爺,13,父,p16,ヤ,"おやじ, じい, じじ, じじい, ちち"
於,8,方,p7,"オ, ヨ","ああ, おける, おいて, より"
殆,9,歹,s10,"サイ, タイ","あやうい, ほとほと, ほとんど"
毅,15,殳,q5,"キ, ギ",つよい
戊,5,戈,q26,"ボ, ボウ",つちのえ
戎,6,戈,p1,ジュウ,"えびす, つわもの"
或,8,戈,r13,"イキ, コク, ワク","ある, あるい, あるいは"
戟,12,戈,r11,ゲキ,ほこ
斡,14,斗,r7,"アツ, カン, ワツ","めぐらす, めぐる"
牌,12,片,p9,ハイ,"ぱい, ふだ"
牒,13,片,r16,"ジョウ, チョウ",ふだ
毘,9,比,p4,"ヒ, ビ",たすける
爾,14,爻,s4,"ジ, ニ","おれ, しか, しかり, その, なんじ, のみ"
玖,7,王,s25,"キュウ, ク",
珂,9,王,p15,カ,
珊,9,王,pE,サン,"さんち, センチ"
玲,9,王,p19,レイ,
珪,10,王,p8,ケイ,たま
琢,11,王,r3,タク,みがく
琉,11,王,p1B,"リュウ, ル",
瑛,12,王,p18,エイ,
琶,12,王,p16,"ハ, ベ, ワ",
琵,12,王,p4,"ヒ, ビ",
琳,12,王,p1C,リン,
瑚,13,王,p7,"コ, ゴ",
瑞,13,王,q4,"スイ, ズイ","しるし, みず"
瑳,14,王,p15,サ,みがく
瑳,14,王,s20,サ,みがく
祁,7,示,p4,"キ, ケ",
祇,8,示,p4,"キ, ギ, シ","くにつかみ, ただ, まさに"
祇,8,示,r4,"キ, ギ, シ","くにつかみ, ただ, まさに"
祢,9,示,p8,"デイ, ナイ, ネ",
祐,9,示,q26,"ウ, ユウ",たすける
祷,11,示,s19,トウ,"いのり, いのる, まつる"
禄,12,示,r1,ロク,"さいわい, ふち"
禎,13,示,p18,テイ,さいわい
頴,16,示,s23,エイ,"のぎ, ほさき"
禦,17,示,s6,"ギョ, ゴ",ふせぐ
禰,18,示,s8,"デイ, ナイ, ネ",
肋,6,肉,r13,ロク,あばら
肴,8,肉,p13,コウ,さかな
肱,8,肉,p1A,コウ,"かいな, ひじ, まるい"
胤,9,肉,q12,イン,たね
胡,9,肉,p7,"ウ, コ, ゴ",なんぞ
脆,10,肉,q8,"セイ, セツ, ゼイ","もろい, よわい"
腔,12,肉,p3,コウ,
脹,12,肉,q23,チョウ,"はれる, ふくらむ, ふくれる"
膏,14,肉,p14,コウ,あぶら
膏,14,肉,q20,コウ,あぶら
腿,13,肉,s10,タイ,もも
膿,17,肉,p2,"ドウ, ノウ","うむ, うみ"
罫,13,网,s9,"カイ, ケ, ケイ",
穿,10,穴,p11,セン,"うがつ, はく"
穿,10,穴,q17,セン,"うがつ, はく"
窄,10,穴,r11,サク,"すぼめる, せまい, つぼめる"
窪,14,穴,p16,"ア, ワ","くぼ, くぼまる, くぼみ, くぼむ"
窺,16,穴,p4,キ,"うかがう, のぞく"
竃,17,穴,q20,ソウ,"かま, かまど, へっつい"
甥,12,生,p18,"ショウ, セイ, ソウ","おい, むこ"
砿,10,石,s23,コウ,あらがね
砥,10,石,s4,"キイ, シ, チ, テイ","と, とぐ, といし, みがく"
砧,10,石,p1C,チン,きぬた
砺,10,石,q8,レイ,"あらと, みがく"
砦,11,石,q10,サイ,とりで
硯,12,石,q17,"ケン, ゲン",すずり
硲,12,石,r2,,はざま
碍,13,石,q11,"ガイ, ゲ",さまたげる
碓,13,石,q11,"カク, タイ","かくたる, たしか"
碇,13,石,q25,テイ,いかり
碗,13,石,s13,ワン,こばち
碕,13,石,p4,キ,"さい, さき, みさき"
碕,13,石,p5,キ,"さい, さき, みさき"
碩,14,石,r11,セキ,おおきい
碧,14,石,r11,"ヒャク, ヘキ",
磐,15,石,pE,"ハン, バン",いわ
磯,17,石,p5,キ,いそ
畦,11,田,p8,ケイ,"あぜ, うね"
畢,11,田,r4,ヒツ,"あみ, おわり, おわる, ことごとく"
畷,13,田,q8,"セイ, テイ, テツ",なわて
皐,11,白,p14,コウ,さつき
瞥,17,目,r9,"ヘツ, ベツ",
竣,12,立,pB,"シュン, ドウ","おわる, わらべ, わらわ"
竣,12,立,p11,"シュン, ドウ","おわる, わらべ, わらわ"
靖,13,立,s23,"ジョウ, セイ",やすんじる
竪,14,立,s7,ジュ,"こども, たてる, たて"
禾,5,禾,p15,カ,いね
禿,7,禾,r1,トク,"かむろ, ちびる, はげる, はげ"
秤,10,禾,q25,"ショウ, ヒン, ビン",はかり
秦,10,禾,pB,シン,はた
稀,12,禾,p5,"キ, ケ","まばら, まれ"
稔,13,禾,s26,"ジン, ニン, ネン","みのる, みのり"
稗,14,禾,q10,"ハイ, ヒ",ひえ
稜,13,禾,p1A,"リョウ, ロウ","いつ, かど"
穎,16,禾,s23,エイ,"のぎ, ほさき"
穐,16,禾,p1B,シュウ,"あき, とき"
穆,16,禾,r1,"ボク, モク",やわらぐ
穣,18,禾,p17,ジョウ,"ゆたか, わら"
穣,18,禾,s22,ジョウ,"ゆたか, わら"
矧,9,矢,s11,シン,"いわんや, はぐ, はぎ, はぐき"
矩,10,矢,s7,ク,"かね, かねざし, さしがね"
甫,7,用,s7,"フ, ホ",はじめて
盈,9,皿,p18,エイ,"みたす, みちる"
盃,9,皿,pA,ハイ,さかずき
疹,10,疒,s11,"シン, チン",はしか
痔,11,疒,s4,"ジ, ヂ",しもがさ
癌,17,疒,p1F,ガン,
疋,5,疋,p6,"ショ, ソ, ヒキ, ヒツ",あし
疋,5,疋,r4,"ショ, ソ, ヒキ, ヒツ",
疏,12,疋,p6,"ショ, ソ","あらい, うとい, うとむ, とおす, とおる, まばら"
甜,11,甘,p1E,テン,"あまい, うまい"
甑,16,瓦,q25,"ショウ, ソウ",こしき
禽,13,禸,p1C,キン,"とり, とりこ"
衿,9,衣,p1C,"キン, コン",えり
袈,11,衣,p16,"カ, ケ",
袴,11,衣,q7,"ク, コ","ずぼん, はかま"
袷,11,衣,r17,"キョウ, コウ",あわせ
裡,12,衣,s4,リ,"うち, うら"
裟,13,衣,p16,"サ, シャ",
裳,14,衣,p17,ショウ,"も, もすそ"
襖,17,衣,s19,オウ,"あお, ふすま"
瓜,6,瓜,p16,"カ, ケ",うり
瓢,17,瓜,p12,ヒョウ,"ひさご, ふくべ"
紘,10,糸,p18,コウ,"おおづな, つな, つなぐ"
紗,10,糸,p16,"サ, シャ",うすぎぬ
紐,10,糸,s25,"ジュウ, チュウ",ひも
絃,11,糸,p11,ゲン,いと
紬,11,糸,p1B,チュウ,"つむぐ, つむぎ"
絢,12,糸,q17,ケン,
綬,14,糸,s25,ジュ,ひも
綜,14,糸,q2,ソウ,"おさめる, すべる"
綴,14,糸,r9,"ゲツ, テイ, テチ, テツ","すみやか, つづる, つづり, とじる"
緋,14,糸,p5,ヒ,"あか, あけ"
綾,14,糸,p1A,リン,あや
緬,15,糸,s16,"ベン, メン",
縞,16,糸,s19,コウ,"しま, しろぎぬ"
繋,17,糸,q8,ケイ,"かける, かかる, つなぐ"
繍,17,糸,q26,シュウ,ぬいとり
纂,20,糸,s14,サン,あつめる
纏,21,糸,p11,"テン, デン","まつわる, まとい, まとう, まとまる, まとめる"
纏,21,糸,q17,"テン, デン","まつわる, まとい, まとう, まとまる, まとめる"
耽,10,耳,p1D,タン,ふける
耽,10,耳,s27,タン,ふける
聡,14,耳,p1,ソウ,"さとい, みみざとい"
聯,17,耳,p11,レン,"つらなる, つらねる"
聾,22,耳,p1,ロウ,"つんぼ, みみしい, ろうする"
竺,8,竹,r1,"ジク, チク, トク",
竿,9,竹,pE,カン,さお
笈,9,竹,r14,キュウ,
笥,11,竹,q4,"シ, ス","け, はこ"
笠,11,竹,r14,リュウ,かさ
筈,12,竹,r7,カツ,"はず, やはず"
筑,12,竹,r1,チク,
筏,12,竹,r6,"ハツ, バツ, ボチ",いかだ
箕,14,竹,p4,キ,み
箔,14,竹,r10,ハク,すだれ
箆,14,竹,p8,"ハイ, ヘイ","くし, の, へら"
箭,15,竹,q17,セン,や
箪,15,竹,pE,タン,はこ
篇,15,竹,p11,ヘン,
篭,16,竹,p1,"ル, ロウ","かご, こむ, こめる, こもる"
篭,16,竹,p2,"ル, ロウ","かご, こむ, こめる, こもる"
篭,16,竹,s1,"ル, ロウ","かご, こむ, こめる, こもる"
篠,17,竹,s17,"ショウ, ゾウ","ささ, しの, すず"
簸,19,竹,s20,ハ,ひる
簾,19,竹,p1E,レン,"す, すだれ"
虻,9,虫,p18,ボウ,あぶ
蚤,10,虫,s19,ソウ,"のみ, はやい"
蛋,11,虫,s14,タン,
蛎,11,虫,q8,レイ,かき
蛙,12,虫,p9,"ア, ワ","かえる, かわず"
蛙,12,虫,p16,"ア, ワ","かえる, かわず"
蛤,12,虫,r15,コウ,はまぐり
蛭,12,虫,r4,"シツ, チツ",ひる
蛾,13,虫,p15,"ガ, ギ",ひむし
蛸,13,虫,p12,"ショウ, ソウ",たこ
蛸,13,虫,p13,"ショウ, ソウ",たこ
蜘,14,虫,p4,チ,くも
蝋,14,虫,r15,ロウ,"みつろう, ろうそく"
蝦,15,虫,p16,"カ, ゲ",えび
蝕,14,虫,r13,ショク,むしばむ
蝉,15,虫,p11,"セン, ゼン",せみ
蝶,15,虫,r16,チョウ,
蝿,15,虫,p1A,ヨウ,"はい, はえ"
螺,17,虫,p15,ラ,"にし, にな"
蟹,19,虫,s9,カイ,かに
蟻,19,虫,s4,ギ,あり
翠,14,羽,q4,スイ,"かわせみ, みどり"
翫,15,羽,q15,ガン,もてあそぶ
翰,16,羽,pE,カン,"はね, ふで, ふみ, やまどり"
翰,16,羽,q15,カン,"はね, ふで, ふみ, やまどり"
耀,20,羽,q18,ヨウ,"かがやく, ひかり"
舵,11,舟,s20,"タ, ダ",かじ
籾,9,米,p4,,もみ
粕,11,米,r10,ハク,かす
粥,12,米,r1,"イク, シュク, ジュク","かい, かゆ, ひさぐ"
粟,12,米,r2,"ショク, ソク, ゾク","あわ, もみ"
糊,15,米,p7,"コ, コツ, ゴ",のり
糠,17,米,p17,コウ,ぬか
糟,17,米,p14,"コウ, ソウ",ぬか
糞,17,米,q13,フン,くそ
艮,6,艮,q14,"コン, ゴン",うしとら
舘,16,舌,s14,カン,"たて, やかた"
而,6,而,p4,"ジ, ニ","しかして, しかも, しかれども, しかるに, しこうして, すなわち, なんじ"
肇,14,聿,s17,"ジョウ, チョウ, トウ","はじめる, はじめ"
臥,9,臣,q21,ガ,"ふす, ふせる, ふせる"
舛,6,舛,s11,"セン, ブ","そむく, まい"
舜,13,舛,q12,シュン,
頁,9,頁,r9,ケツ,"おおがい, かしら, ぺえじ"
頚,14,頁,s23,ケイ,くび
頗,14,頁,p15,ハ,かたよる
頗,14,頁,s20,ハ,すこぶる
頬,15,頁,r16,キョウ,"ほお, ほほ"
顛,19,頁,p11,テン,"いただき, たおれる"
貰,12,貝,q8,"シャ, セイ",もらう
賎,13,貝,q17,"セン, ゼン","いやしい, いやしむ, いやしめる, しず, やすい"
賑,14,貝,s11,シン,"にぎやか, にぎわい, にぎわう, にぎわす"
贋,19,貝,q16,ガン,にせ
覗,12,見,p4,シ,"うかがう, のぞく"
輔,14,車,s7,"フ, ホ",たすける
輯,16,車,r14,シュウ,"あつめる, やわらぐ"
輿,17,車,p6,ヨ,"かご, こし"
輿,17,車,q6,ヨ,"かご, こし"
轍,19,車,r9,テツ,"わだち, わだちい"
轟,21,車,p18,"コウ, ゴウ","とどろかす, とどろく"
轡,22,車,q4,ヒ,"くつわ, たづな"
赫,14,赤,r11,カク,"あか, あかい, かがやく"
跨,13,足,q22,"カ, コ","またがる, またぐ, またがる"
蹄,16,足,p8,テイ,ひづめ
蹟,18,足,r11,"シャク, セキ",あと
訊,10,言,q12,"シュン, シン, ジン","きく, たずねる, とう"
訣,11,言,r9,ケツ,"わかれ, わかれる"
詑,12,言,p15,"イ, タ, ダ","あざむく, わび, わびる"
註,12,言,q7,チュウ,
詫,13,言,q22,タ,"かこつ, わびる, わび, わびしい, わびる"
諌,15,言,s1,カン,"いさめ, いさめる"
誼,15,言,q4,ギ,"よい, よしみ"
諏,15,言,p7,"シュ, ス","そう, はかる"
諏,15,言,p1B,"シュ, ス","そう, はかる"
誹,15,言,p5,"ハイ, ヒ",そしる
誹,15,言,q5,"ハイ, ヒ",そしる
諒,15,言,q23,リョウ,"あきらか, まことに"
謂,16,言,q5,イ,"いう, いい, いわゆる, おもう"
諺,16,言,q15,ゲン,ことわざ
諜,16,言,r16,チョウ,"うかがう, しめす, ちょうずる"
謬,18,言,q26,"ビュウ, ビョウ, ミュウ",あやまる
讃,22,言,q15,サン,"たたえる, ほめる"
讐,23,言,p1B,シュウ,"あたる, あだ, むくいる"
趨,17,走,p7,"スウ, ソク","おもむく, しゅ, はしる"
酉,7,酉,s25,ユウ,とり
酋,9,酉,p1B,"シュウ, ジュ","おさ, さけのつかさ, ふるざけ"
醇,15,酉,pB,"シュン, ジュン","あつい, こい, もっぱら"
醐,16,酉,p7,"コ, ゴ",
醍,16,酉,p8,"タイ, ダイ, テイ",
醍,16,酉,s8,"タイ, ダイ, テイ",
醗,16,酉,r7,ハツ,かもす
醤,17,酉,q23,ショウ,ひしお
躯,11,身,p7,ク,"からだ, むくろ"
辰,7,辰,pB,"シン, ジン",たつ
釆,7,釆,q16,"サイ, ハン, ベン","いろどり, とる, のごめ"
豹,10,豸,q19,"ヒョウ, ホウ",
麹,15,麦,r2,キク,こうじ
雫,11,雨,s21,ダ,しずく
霞,17,雨,p16,"カ, ゲ","かすむ, かすみ"
釘,10,金,p19,"チョウ, テイ",くぎ
釘,10,金,q25,"チョウ, テイ",くぎ
釦,11,金,s25,"ク, コウ",ぼたん
釧,11,金,q17,セン,"うでわ, くしろ"
鈎,12,金,p1B,"ク, コウ",かぎ
鈷,13,金,s7,コ,
鉦,13,金,p18,"ショウ, セイ",かね
銑,14,金,s16,セン,
銚,14,金,p12,"チョウ, ヨウ",なべ
銚,14,金,q18,"チョウ, ヨウ",なべ
鉾,14,金,p1B,"ボウ, ム",ほこ
鋤,15,金,p6,"ショ, ジョ, ソ","くわ, すく, すき"
鋪,15,金,p7,"フ, ホ",しく
鋪,15,金,q7,"フ, ホ",みせ
鋒,15,金,p2,ホウ,"きっさき, とかり, ほこさき"
鋸,16,金,q6,"キョ, コ","のこ, のこぎり"
錫,16,金,r12,"シャク, セキ","すず, たまう"
錆,16,金,p17,"ショウ, セイ","くわしい, さび"
錘,16,金,p4,スイ,"おもり, つむ"
錘,16,金,q4,スイ,"おもり, つむ"
錐,16,金,p4,スイ,きり
錨,16,金,p12,"ビョウ, ミョウ",いかり
鍔,17,金,r10,ガク,つば
鍬,17,金,p12,"シュウ, ショウ","くわ, すき"
鍾,17,金,p2,"シュ, ショウ","あつめる, かね, さかずき"
鍍,17,金,q7,ト,めっき
鎧,18,金,s10,"カイ, ガイ","よろう, よろい"
鎗,18,金,p17,"ショウ, ソウ",やり
鎚,17,金,p4,"タイ, ツイ",つち
鎚,17,金,pA,"タイ, ツイ",つち
鏑,19,金,r12,テキ,"かぶら, かぶらや, やじり"
鐙,20,金,q25,トウ,"あぶみ, たかつき, ひともし"
鐸,21,金,r10,タク,
閃,10,門,s28,セン,"うかがう, ひらめき, ひらめく"
閏,12,門,q12,ジュン,うるう
閤,14,門,r15,コウ,くぐりど
隼,10,隹,s11,"シュン, ジュン",はやぶさ
雀,11,隹,r10,"サク, シャク, ジャク, ジャン",すずめ
雁,12,隹,q16,ガン,"かり, かりがね"
雛,18,隹,p7,"ジュ, ス, スウ","ひな, ひよこ"
飴,13,食,p4,"イ, シ","あめ, やしなう"
餐,16,食,pE,"サン, ソン","くらう, のむ"
饗,22,食,s22,キョウ,"うける, もてなす"
靭,12,革,q12,"サ, サイ, サツ, ジン, ニン","うつぼ, しなやか, ゆぎ"
鞄,14,革,p13,"ハク, ビョウ, ホウ",かばん
鞄,14,革,s18,"ハク, ビョウ, ホウ",かばん
鞍,15,革,pE,アン,くら
鞘,16,革,q18,"ショウ, ソウ",さや
鞠,17,革,r1,"キク, キュウ",まり
鞭,18,革,p11,"ヘン, ベン","むち, むちうつ"
馨,20,香,p19,"キョウ, ケイ","かおる, かおり"
馴,13,馬,pB,"クン, シュン, ジュン","したがう, ならす, なれる"
馳,13,馬,p4,"ジ, チ",はせる
駁,14,馬,r3,"ハク, バク","ぶち, まじる, まだら"
駕,15,馬,q22,"カ, ガ","かご, がする, しのぐ, のる"
駈,15,馬,p7,ク,"かける, かる"
駈,15,馬,q7,ク,"かける, かる"
駿,17,馬,q12,"シュン, スン",すぐれる
騨,19,馬,p15,"タ, タン, ダ, ダン, テン",
騨,19,馬,pE,"タ, タン, ダ, ダン, テン",
魁,14,鬼,pA,カイ,"かしら, さきがけ"
髭,16,髟,p4,シ,"くちひげ, ひげ"
龍,16,龍,p2,"リュウ, リョウ, ロウ",たつ
魯,15,魚,s7,ロ,おろか
鮎,16,魚,p1E,"デン, ネン","あゆ, なまず"
鮒,16,魚,q7,"フ, ブ, ホ",ふな
鮪,17,魚,s4,"イ, キ, ユウ","しび, まぐろ"
鮭,17,魚,p8,"カイ, ケイ","さけ, しゃけ, ふぐ"
鮭,17,魚,p9,"カイ, ケイ","さけ, しゃけ, ふぐ"
鮫,17,魚,p13,コウ,"さめ, みずち"
鯉,18,魚,s4,リ,こい
鯖,19,魚,p18,"ショウ, セイ",さば
鯖,19,魚,p19,"ショウ, セイ",さば
鯵,19,魚,p14,ソウ,あじ
鯛,19,魚,p12,チョウ,たい
鰐,20,魚,r10,ガク,わに
鰍,20,魚,p1B,"シュ, シュウ","いなだ, かじか, どじょう"
鰭,21,魚,p4,"キ, ギ",ひれ
鰻,22,魚,pE,"バン, マン",うなぎ
鰹,23,魚,p11,ケン,かつお
鱒,23,魚,s13,"ザン, セン, ソン",ます
鱗,24,魚,pB,リン,"うろこ, こけ, こけら"
黛,16,黒,q11,タイ,まゆずみ
鳩,13,鳥,p1B,"キュウ, ク","あつめる, はと"
鳶,14,鳥,p11,エン,"とび, とんび"
鳳,14,鳥,q1,"フウ, ホウ",
鴎,15,鳥,p1B,オウ,かもめ
鴇,15,鳥,s19,ホウ,"とき, のがん"
鴛,16,鳥,pD,"エン, オン","おし, おしどり"
鴨,16,鳥,r17,オウ,"あひる, かも"
鴬,16,鳥,r3,オウ,うぐいす
鴻,17,鳥,p1,"コウ, ゴウ","おおがり, おおとり, ひしくい"
鵠,18,鳥,r2,"コウ, コク","くぐい, まと"
鵜,18,鳥,p8,"ダイ, テイ",う
鵡,19,鳥,s7,"ブ, ム",
鵬,19,鳥,p1A,ホウ,おおとり
鷲,23,鳥,q26,"シュウ, ジュ",わし
鷹,24,鳥,p1A,"オウ, ヨウ",たか
鷺,24,鳥,q7,ロ,さぎ
麟,24,鹿,pB,リン,
鹸,19,鹵,p1E,"カン, ケン, セン",あく
鹸,19,鹵,s29,"カン, ケン, セン",あく
黍,12,黍,s6,ショ,きび
鼠,13,鼠,s6,"ショ, ソ","ねず, ねずみ"
鼎,13,鼎,s24,テイ,かなえ
弌,4,一,r4,"イチ, イツ","ひと, ひとつ"
丐,4,一,q9,カイ,こう
丕,5,一,p4,ヒ,おおきい
丗,5,一,q8,"セ, セイ, ソウ","さんじゅう, よ"
亂,13,乙,q15,"ラン, ロン","おさめる, みだす, みだる, みだれ, みだれる, わたる"
个,3,丨,q21,"カ, コ",
丱,5,丨,q16,"カン, ケン",
丶,1,丶,s7,チュ,
亅,1,亅,r6,ケツ,かぎ
亊,7,亅,q4,"シ, ジ, ズ","こと, つかう, つかえる"
丿,1,丿,s17,ヘツ,"えい, よう"
乂,2,丿,q11,"カイ, ガイ, ゲ","おさめる, かる"
乕,7,丿,s7,コ,とら
乖,8,丿,p9,カイ,"そむく, もとる"
乘,10,丿,p1A,ジョウ,"のせる, のる"
乘,10,丿,q25,ジョウ,"のせる, のる"
冂,2,冂,p19,"キョウ, ケイ",
冂,2,冂,s24,"キョウ, ケイ",
冉,5,冂,s28,"ゼン, ネン",あやうい
囘,5,冂,pA,"エ, カイ","かえる, まわす, まわる, もとおる"
囘,5,冂,q11,"エ, カイ","かえる, まわす, まわる, もとおる"
册,5,冂,r11,"サク, サツ",ふみ
冏,7,冂,s23,"キョウ, ケイ, ソウ",あきらか
冐,8,冂,q20,ボウ,おかす
冑,9,冂,q26,チュウ,"かぶと, よろい"
冓,10,冂,q26,コウ,かまえる
冕,11,冂,s16,"ベン, メン",かんむり
仍,4,人,p1A,"ジョウ, ニョウ","しきりに, なお, よって, よる"
仄,4,人,r13,ソク,"かたむく, ほの, ほのか, ほのめかす, ほのめく"
仆,4,人,q7,フ,たおれる
仂,4,人,r13,"ドウ, リキ, リュク, リョク, ロク",はたらく
从,4,人,p2,"ショウ, ジュ, ジュウ","したがう, したがえる, より"
仗,5,人,s22,"ジョウ, チョウ","つえ, つわもの, まわり, よる"
仞,5,人,q12,ジン,はかる
仭,5,人,q12,ジン,はかる
仟,5,人,p11,セン,"かしら, ち"
价,6,人,q10,カイ,
伉,6,人,q23,コウ,"たぐい, ならぶ"
伜,6,人,q11,"サイ, ソチ, ソツ",せがれ
佚,7,人,r4,"イツ, テツ","たのしむ, のがれる"
估,7,人,s7,コ,"あきなう, あたい"
佝,7,人,q26,"ク, コウ",せむし
佗,7,人,p15,"イ, タ","ほか, わびる, わび, わびしい"
佇,7,人,s6,チョ,たたずむ
佞,7,人,q25,ネイ,"おもねる, よこしま"
佛,7,人,r5,"フツ, ブツ",ほとけ
佶,8,人,r4,"キチ, キツ",
侈,8,人,s4,シ,おごる
侏,8,人,p7,シュ,
侘,8,人,q22,タ,"ほこる, わびる, わびしい"
佻,8,人,p12,"ジョウ, チョウ, ヨウ",かるい
佻,8,人,s17,"ジョウ, チョウ, ヨウ",かるい
佩,8,人,q11,ハイ,"おびる, おびだま, はく"
佰,8,人,r11,"ハク, ヒャク",おさ
侑,8,人,q26,"ウ, ユウ","すすめる, たすける"
佯,8,人,p17,ヨウ,いつわる
侖,8,人,pD,"リン, ロン",おもう
來,8,人,pA,"タイ, ライ","きたす, きたる, きたす, きたる, くる"
侫,8,人,q25,ネイ,"おもねる, よこしま"
俔,9,人,q17,ケン,"うかがう, たとえる"
俟,9,人,s4,シ,まつ
俎,9,人,s6,"ショ, ソ","いた, まないた"
俘,9,人,p7,フ,とりこ
俛,9,人,s16,"フ, ベン, メン",ふせる
俑,9,人,s2,"トウ, ユウ, ヨウ",
俚,9,人,s4,リ,いやしい
俐,9,人,q4,リ,かしこい
倚,10,人,s4,"イ, キ","たのむ, よる"
倨,10,人,q6,"キョ, コ",おごる
倔,10,人,r5,クツ,つよい
倪,10,人,p8,"ガイ, ゲイ",きわ
倥,10,人,p1,コウ,ぬかる
倥,10,人,s1,コウ,ぬかる
倅,10,人,q11,"サイ, ソチ, ソツ",せがれ
俶,10,人,r1,"シュク, テキ","はじめ, よい"
倡,10,人,p17,ショウ,"となえる, わざおぎ"
倡,10,人,q23,ショウ,"となえる, わざおぎ"
倩,10,人,q17,"セイ, セン","うつくしい, つらつら"
倬,10,人,r3,タク,
俾,10,人,s4,"ヒ, フ, ヘイ","かしずく, しむ"
俯,10,人,s7,フ,"うつむく, ふす, ふせる"
們,10,人,pD,モン,ともがら
倆,10,人,s22,リョウ,たくみ
偃,11,人,s13,エン,ふせる
偕,11,人,p9,カイ,ともに
偐,11,人,q16,"ガン, ゲン",
偈,11,人,q8,"ケイ, ケツ, ゲ",いこう
偖,11,人,s21,シャ,さて
偬,11,人,s1,ソウ,くるしむ
偸,11,人,p1B,"チュウ, ツ, トウ",ぬすむ
做,11,人,q21,"サ, サク, ソ","つくる, なす"
假,11,人,s21,"カ, ケ","かり, かりる"
傀,12,人,pA,カイ,おおきい
傀,12,人,s4,カイ,おおきい
傚,12,人,q19,コウ,ならう
傅,12,人,q7,フ,"かしずく, つく, もり"
傴,13,人,s7,"ウ, ク","かがむ, せむし"
僉,13,人,p1E,セン,みな
僂,13,人,p1B,"ル, ロウ",かがむ
僂,13,人,s7,"ル, ロウ",かがむ
傳,13,人,p11,"テン, デン","つたう, つたえる, つたわる, つて"
傳,13,人,q17,"テン, デン","つたう, つたえる, つたわる, つて"
僊,13,人,p11,セン,
僖,14,人,p4,キ,よろこぶ
僥,14,人,p12,"キョウ, ギョウ",
僣,14,人,r9,"シン, セン","おごる, せんする"
僮,14,人,p1,"トウ, ドウ","しもべ, わらべ"
僞,14,人,q4,"カ, ギ","いつわり, いつわる, にせ"
僵,15,人,p17,キョウ,たおれる
儁,14,人,q12,シュン,すぐれる
儂,15,人,p2,"ドウ, ノウ","かれ, わし"
儚,15,人,p1A,"ボウ, モウ","くらい, はかない"
價,15,人,q22,"カ, ケ",あたい
儉,15,人,s28,ケン,"つづまやか, つましい"
儘,16,人,s11,ジン,"ことごとく, まま"
僭,14,人,q29,"シン, セン","おごる, せんする"
儕,16,人,p9,"サイ, セイ",ともがら
儔,16,人,p1B,"ジュ, チュウ",ともがら
儡,17,人,pA,ライ,
儡,17,人,s10,ライ,
儖,17,人,p1D,ラン,
儺,21,人,p15,"ダ, ナ",おにやらい
儺,21,人,s20,"ダ, ナ",おにやらい
儷,21,人,q8,レイ,"つれあい, ならぶ"
儼,22,人,s28,ゲン,"いかめしい, おごそか"
儻,22,人,s22,トウ,"あるいは, すぐれる, もし"
于,3,二,p6,"ウ, ク","ああ, おいて, ここに, に, より, を"
于,3,二,p7,"ウ, ク","ああ, おいて, ここに, に, より, を"
弍,5,二,q4,"ジ, ニ","ふた, ふたつ, ふたたび"
亟,8,二,r13,"キ, キョク, ケ","しばしば, すみやか"
亞,8,二,q22,ア,つぐ
卅,4,十,r15,ソウ,さんじゅう
卆,4,十,r6,"シュツ, ソツ","おえる, おわる, そっする, ついに, にわか"
卉,5,十,s5,"キ, ケ",くさ
卍,6,十,q14,"バン, マン",まんじ
凵,2,凵,s29,カン,
凾,9,凵,p1D,カン,"いれる, はこ"
凾,9,凵,p1F,カン,"いれる, はこ"
儿,2,儿,p4,"ジン, ニン",がい
兀,3,儿,r6,コツ,
兌,7,儿,q9,"エイ, エツ, タイ, ダ",よろこぶ
兔,8,儿,q7,"ツ, ト",うさぎ
兒,8,儿,p4,"ゲイ, ジ, ニ",こ
兢,14,儿,p1A,キョウ,"おそれる, つつしむ"
兩,8,入,s22,リョウ,ふたつ
兪,9,入,p7,ユ,しかり
兮,4,八,p8,ケイ,
冀,16,八,q4,キ,"こいねがう, こいねがわくは"
劬,7,力,p7,ク,つかれる
劭,7,力,p12,ショウ,つとめる
劭,7,力,q18,ショウ,つとめる
劼,8,力,r8,"カツ, ケチ",
劵,8,力,q17,ケン,"てがた, わりふ"
勁,9,力,q24,ケイ,つよい
勍,10,力,p18,ケイ,つよい
勗,11,力,r2,"キョク, ボウ",つとめる
勒,11,力,r13,ロク,くつわ
勞,12,力,p14,ロウ,"いたずき, いたわる, つかれる, ねぎらい, ねぎらう, ろうする"
勞,12,力,q20,ロウ,"いたずき, いたわる, つかれる, ねぎらい, ねぎらう, ろうする"
勣,13,力,r12,"シャク, セキ","いさお, つむぐ"
勦,13,力,p13,"ショウ, ソウ",
勦,13,力,s17,"ショウ, ソウ",
飭,13,力,r13,"チキ, チョク","いましめる, ただす"
勠,13,力,p1B,リク,あわせる
勠,13,力,r1,リク,あわせる
勳,16,力,pC,クン,いさお
勵,16,力,q8,レイ,"はげます, はげむ"
勸,19,力,q14,"カン, ケン",すすめる
亠,2,亠,p1B,トウ,
亢,4,亠,p17,コウ,たかぶる
亢,4,亠,q23,コウ,たかぶる
亰,9,亠,p18,"キョウ, キン, ケイ",みやこ
亳,10,亠,r10,ハク,
亶,13,亠,s14,"セン, タン","あつい, ほしいまま"
厂,2,厂,s14,カン,かりがね
厖,9,厂,p3,ボウ,おおきい
厠,11,厂,q4,"シ, ショク",かわや
厥,12,厂,r5,"クツ, ケツ","その, それ"
厦,12,厂,s21,"カ, サ",いえ
厰,14,厂,s22,ショウ,
厮,14,厂,p4,シ,こもの
刄,3,刀,q12,"ジン, ニン","きる, は, やいば"
刋,5,刀,q17,"カン, セン","きる, けずる"
刔,6,刀,r9,ケツ,えぐる
刎,6,刀,s12,フン,"くびはねる, はねる"
刪,7,刀,pF,サン,けずる
刧,7,刀,r17,"キョウ, コウ, ゴウ",おびやかす
刮,8,刀,r8,カツ,"けずる, こそげる"
刳,8,刀,p7,コ,"えぐる, くる"
剏,9,刀,p17,"ショウ, ソウ",はじめる
剏,9,刀,q23,"ショウ, ソウ",はじめる
剄,9,刀,s24,ケイ,くびきる
剋,9,刀,r13,コク,かつ
剌,9,刀,r7,ラツ,もとる
剞,10,刀,p4,キ,きざむ
剞,10,刀,s4,キ,きざむ
剔,10,刀,r12,"テイ, テキ","えぐる, そる"
剪,11,刀,s16,セン,"きる, つむ"
剳,11,刀,r15,"サツ, チョウ, トウ",さす
剱,11,刀,q29,ケン,つるぎ
剴,12,刀,pA,"カイ, ガイ",
剩,12,刀,q25,ジョウ,"あまり, あまる, あまつさえ"
剿,13,刀,s17,"ショウ, ソウ",
剽,13,刀,p12,ヒョウ,"おびやかす, さす"
剽,13,刀,s17,ヒョウ,"おびやかす, さす"
劈,15,刀,r12,"ヒャク, ヘキ","さく, つんざく"
劍,15,刀,q29,ケン,つるぎ
劔,16,刀,q29,ケン,つるぎ
劒,16,刀,q29,ケン,つるぎ
劑,16,刀,p4,"ザイ, スイ, セイ","かる, けずる"
劑,16,刀,q8,"ザイ, スイ, セイ","かる, けずる"
辨,16,刀,s16,"ヘン, ベン","あらそう, はなびら, わける, わきまえる"
辧,16,刀,s16,"ヘン, ベン","あらそう, はなびら, わける, わきまえる"
冫,2,冫,p1A,ヒョウ,こおり
冱,6,冫,q7,"コ, ゴ","こおる, さえる, ひえる"
冲,6,冫,p1,チュウ,"おき, おきつ, ちゅうする, わく"
决,6,冫,r9,"ケチ, ケツ","きまる, きめる, さく"
冰,6,冫,p1A,ヒョウ,"こおる, こおり, ひ"
况,7,冫,q23,キョウ,"いわんや, おもむき, まして"
冽,8,冫,r9,"レイ, レツ",きよい
凅,10,冫,q7,"カク, コ","からす, かれる, こおる"
凉,10,冫,p17,リョウ,"うすい, すずしい, すずむ, すずやか, ひやす, まことに"
凖,12,冫,s11,ジュン,"じゅんじる, じゅんずる, なぞらえる, のり, ひとしい, みずもり"
凜,15,冫,s26,リン,きびしい
凛,15,冫,s26,リン,きびしい
匕,2,匕,s4,ヒ,さじ
叟,10,又,p1B,"シュウ, ソウ",おきな
叟,10,又,s25,"シュウ, ソウ",おきな
燮,17,又,r16,ショウ,
雙,18,又,p3,ソウ,"たぐい, ならぶ, ふた, ふたつ"
匸,2,匸,s8,ケイ,
區,11,匸,p7,"オウ, ク, コウ",
區,11,匸,p1B,"オウ, ク, コウ",
厶,2,厶,p4,"シ, ボウ, ム","ござる, わたくし"
厶,2,厶,s25,"シ, ボウ, ム","ござる, わたくし"
參,11,厶,p1C,"サン, シン","まいる, まじわる, みつ"
參,11,厶,p1D,"サン, シン","まいる, まじわる, みつ"
參,11,厶,s27,"サン, シン","まいる, まじわる, みつ"
簒,17,厶,q16,"サン, セン",うばう
冖,2,冖,r12,ベキ,
冤,10,冖,pD,エン,
冢,10,冖,s2,チョウ,"おおう, つか"
冦,10,冖,q26,コウ,あだする
冩,14,冖,s21,シャ,"うつす, うつる"
冪,15,冖,r12,ベキ,
卩,2,卩,r9,セツ,わりふ
卮,5,卩,p4,シ,さかずき
夘,5,卩,s13,"ボウ, モウ",う
卷,8,卩,p11,"カン, ケン","まく, まき"
卷,8,卩,s16,"カン, ケン","まく, まき"
卻,9,卩,r10,キャク,"かえって, しりぞく, しりぞける"
勹,2,勹,p13,ホウ,つつむ
匆,5,勹,p1,ソウ,いそがしい
匈,6,勹,p2,キョウ,
甸,7,勹,q17,"テン, デン",かり
匍,9,勹,p7,ホ,はう
匐,11,勹,r1,"フク, ホク",
匏,11,勹,p13,"ホ, ホウ",ひさご
几,2,几,s4,キ,きにょう
凭,8,几,p1A,"ヒョウ, ヘイ","もたれる, よる"
凭,8,几,q25,"ヒョウ, ヘイ","もたれる, よる"
凰,11,几,p17,"オウ, コウ",おおとり
卞,4,卜,q17,"ハン, ヘン, ベン",
匚,2,匚,p17,ホウ,
匣,7,匚,r17,コウ,はこ
匯,13,匚,s10,"エ, カイ, キ, ワイ","がい, めぐる"
匱,14,匚,q4,キ,ひつ
匳,15,匚,p1E,レン,"くしげ, はこ"
孑,3,子,r9,ケツ,ひとり
孕,5,子,q25,ヨウ,はらむ
孚,7,子,p7,フ,"たまご, はぐくむ"
孛,7,子,q11,"ハイ, ブツ, ボツ",
斈,7,子,r3,ガク,まなぶ
孥,8,子,p7,"ド, ヌ",つまこ
孩,9,子,pA,"カイ, ガイ",ちのみご
孰,11,子,r1,ジュク,"いずれ, たれ"
孳,12,子,p4,"シ, ジ","うむ, しげる"
孳,12,子,q4,"シ, ジ","うむ, しげる"
孱,12,子,pF,"サン, セン",よわい
孱,12,子,p11,"サン, セン",よわい
孵,14,子,p7,フ,かえす
孵,14,子,q7,フ,かえす
學,16,子,r3,ガク,まなぶ
孺,17,子,p7,ジュ,"おさない, ちのみご"
孺,17,子,q7,ジュ,"おさない, ちのみご"
壯,7,士,q23,ソウ,さかん
壺,12,士,p7,コ,つぼ
壹,12,士,r4,"イチ, イツ",ひとつ
壻,12,士,q8,セイ,むこ
壼,13,士,s13,コン,
壽,14,士,s25,"シュウ, ジュ, ス","ことぶく, ことぶき, ことほぐ"
叮,5,口,p19,テイ,
叨,5,口,p14,トウ,みだりに
叭,5,口,p16,ハツ,
叭,5,口,q22,ハツ,
叺,5,口,r14,,かます
吁,6,口,p7,"ウ, ク",ああ
吽,7,口,p1C,"イン, ウン, オン, グ, コウ",ほえる
听,7,口,s12,キン,"わらう, ポンド"
吭,7,口,p17,コウ,のど
吭,7,口,s22,コウ,のど
吼,7,口,s25,"ク, コウ",ほえる
吮,7,口,s11,"シュン, セン",すう
吶,7,口,r9,トツ,どもる
吩,7,口,pD,フン,ふく
吝,7,口,q12,リン,"おしむ, しわい, やぶさか"
呀,8,口,p16,"カ, ガ",あ
咒,8,口,q26,"シュ, シュウ, ジュ","のろい, のろう, まじなう, まじない"
咏,8,口,q24,エイ,"うたう, よむ"
呵,8,口,p15,カ,"かす, しかる, わらう"
咎,8,口,p14,"キュウ, コウ","とが, とがめる"
咎,8,口,s25,"キュウ, コウ","とが, とがめる"
呟,8,口,s16,ゲン,つぶやく
呷,8,口,r17,コウ,"あおる, すう"
呻,8,口,pB,シン,"うめく, うめき"
咀,8,口,p6,"ショ, ソ",かむ
咀,8,口,s6,"ショ, ソ",かむ
呶,8,口,p13,"ド, ドウ",かまびすしい
咄,8,口,r6,トツ,"しかる, はなし"
咐,8,口,q7,"フ, ホ",
咆,8,口,p13,ホウ,ほえる
呱,9,口,p7,コ,
呰,9,口,p4,"サ, シ",
呰,9,口,s4,"サ, シ",
哇,9,口,p9,"ア, アイ, エ, ワ","かい, けい"
哇,9,口,p16,"ア, アイ, エ, ワ","かい, けい"
咢,9,口,r10,ガク,おどろく
咸,9,口,p1F,"カン, ゲン",
咥,9,口,q4,"キ, テツ","かむ, くわえる"
咬,9,口,p13,"コウ, ヨウ",かむ
哄,9,口,p1,コウ,
哄,9,口,q1,コウ,
哈,9,口,r15,"ゴウ, ソウ, ハ",
咨,9,口,p4,シ,"ああ, はかる"
咫,9,口,s4,シ,た
哂,9,口,s11,シン,わらう
咤,9,口,p16,"タ, ト",しかる
咤,9,口,q22,"タ, ト",しかる
咾,9,口,s19,ロウ,
咼,9,口,p15,"カ, カイ, クウ, ケ","くちがゆがむ, ゆがむ, よこしま"
咼,9,口,p16,"カ, カイ, クウ, ケ","くちがゆがむ, ゆがむ, よこしま"
咯,9,口,r10,カク,はく
哥,10,口,p15,"カ, コ","あに, うた"
哦,10,口,p15,ガ,
唏,10,口,p5,キ,なげく
唏,10,口,s4,キ,なげく
唔,10,口,p7,ゴ,
哽,10,口,s23,コウ,むせぶ
哮,10,口,p13,コウ,"たける, ほえる"
哮,10,口,q19,コウ,"たける, ほえる"
哭,10,口,r1,コク,"なく, なげく"
哢,10,口,q1,ロウ,さえずる
唳,10,口,q8,レイ,れつ
唹,11,口,p6,オ,
啀,11,口,p9,ガイ,いがむ
售,11,口,p1B,シュウ,うる
售,11,口,q26,シュウ,うる
啜,11,口,r9,"セツ, テツ",すする
啅,11,口,r3,"タク, トウ",
啖,11,口,s27,タン,"くう, くらわす"
啗,11,口,s27,タン,"くう, くらう, くらわす"
唸,11,口,q29,テン,"うなる, うなり"
啌,11,口,p3,"クウ, コウ",
啝,11,口,p15,ワ,したがう
啣,12,口,p1F,カン,"くつわ, くわえる"
喙,12,口,q11,カイ,"がい, くちばし"
喀,12,口,r11,カク,はく
喊,12,口,s27,"カン, ヤク",さけぶ
喟,12,口,q4,"カイ, キ",なげく
啻,12,口,q4,シ,"ただならぬ, ただに"
啾,12,口,p1B,シュウ,なく
喘,12,口,s16,"セン, ゼン","あえぐ, せき"
喞,12,口,r4,"ショク, ソク",かこつ
啼,12,口,p8,テイ,なく
喃,12,口,p1F,ナン,のう
喇,12,口,r7,"ラ, ラツ",
喨,12,口,q23,"リョウ, ロウ",
單,12,口,pE,タン,ひとえ
單,12,口,p11,タン,ひとえ
單,12,口,s16,タン,ひとえ
嗚,13,口,p7,"ウ, オ",ああ
嗇,13,口,r13,ショク,"おしむ, やぶさか"
嗟,13,口,p16,"サ, シャ","あ, ああ, なげく"
嗄,13,口,q10,サ,"からす, かれる, しゃがれる"
嗜,13,口,q4,シ,"このみ, このむ, たしなみ, たしなむ"
嗤,13,口,p4,シ,わらう
嗔,13,口,pB,シン,いかる
甞,13,口,p17,"ショウ, ジョウ","かつて, なめる"
嘔,14,口,p7,"オウ, ク","うたう, はく, むかつく"
嘔,14,口,p1B,"オウ, ク","うたう, はく, むかつく"
嘔,14,口,s25,"オウ, ク","うたう, はく, むかつく"
嗷,14,口,p14,ゴウ,かまびすしい
嘖,14,口,r11,サク,"さいなむ, さけぶ"
嗾,14,口,s25,"ソウ, ソク, ゾク","けしかける, そそのかす"
嗽,14,口,q26,"シュウ, ソウ, ソク","うがい, くちすすぐ, すすぐ, ゆすぐ"
嘛,14,口,p16,マ,
嗹,14,口,p11,レン,おしゃべり
噎,15,口,q8,"イツ, エツ","むせる, むせぶ"
嘶,15,口,p8,セイ,いななく
嘸,15,口,s7,"ブ, ム","さぞ, さぞかし, さぞや"
噐,15,口,q4,キ,うつわ
嘴,16,口,s4,シ,"くちばし, はし"
噫,16,口,p4,"アイ, イ, オク","ああ, おくび"
噫,16,口,q10,"アイ, イ, オク","ああ, おくび"
噤,16,口,s26,キン,つぐむ
嘯,16,口,q18,"シツ, ショウ",うそぶく
噬,16,口,q8,ゼイ,かむ
噪,16,口,q20,ソウ,さわぐ
嚆,16,口,p13,コウ,さけぶ
嚀,17,口,p19,"ニョウ, ネイ",
嚊,17,口,q4,ヒ,"かかあ, かかめ, はないき"
嚏,17,口,q8,テイ,"くさみ, くさめ, くしゃみ, はなひる, ひる"
營,17,口,p18,エイ,"いとなみ, いとなむ"
嚠,18,口,p1B,"リュウ, ル",
嚠,18,口,s25,"リュウ, ル",
嚔,17,口,q8,テイ,"くさみ, くさめ, くしゃみ, はなひる, ひる"
嚥,19,口,q17,エン,のむ
嚮,19,口,s22,"キョウ, コウ","さきに, むかう"
嚶,20,口,p18,オウ,なく
嚴,20,口,p1E,"ゲン, ゴン","いかめしい, いつくし, おごそか, きびしい"
嚴,20,口,p1F,"ゲン, ゴン","いかめしい, いつくし, おごそか, きびしい"
囂,21,口,p12,"キョウ, ゴウ","かしましい, かまびすしい"
囂,21,口,p14,"キョウ, ゴウ","かしましい, かまびすしい"
嚼,21,口,r10,シャク,かむ
囁,21,口,r16,ショウ,ささやく
囃,21,口,r15,"サツ, ソウ","はやす, はやし"
囀,21,口,q17,テン,さえずる
囈,21,口,q8,ゲイ,
囓,24,口,r9,"ケツ, ゲツ","かむ, かじる"
囑,24,口,r2,ショク,"しょくする, たのむ"
巫,7,工,p7,フ,"かんなぎ, みこ"
乢,4,山,q9,ガイ,"たお, たわ"
屹,6,山,r5,キツ,そばだつ
岌,7,山,r14,キュウ,たかい
岑,7,山,p1C,"ギン, シン",みね
岔,7,山,q22,タ,
妛,7,山,p4,シ,"あなどる, おろか, みだる, みにくい"
岫,8,山,q26,"コウ, シュウ, ユウ","くき, みさき, みね"
岶,8,山,r11,ハク,
岷,8,山,pB,"ビン, ミン",
峙,9,山,s4,ジ,そばだつ
峇,9,山,r15,コウ,
峭,10,山,q18,ショウ,"きびしい, けわしい"
峪,10,山,r2,ヨク,たに
峩,10,山,p15,ガ,けわしい
峩,10,山,s20,ガ,けわしい
崋,10,山,p16,"カ, ク",
峽,10,山,r17,"キョウ, コウ",はざま
峺,10,山,s23,コ,
崕,11,山,p4,ガイ,がけ
崕,11,山,p9,ガイ,がけ
崟,11,山,p1C,ギン,みね
崛,11,山,r5,クツ,"そばだつ, たかい"
崑,11,山,pD,コン,
崔,11,山,pA,"ガイ, サイ, スイ",がけ
崢,11,山,p18,ソウ,
崚,11,山,p1A,リョウ,
崙,11,山,pD,ロン,
崘,11,山,pD,ロン,
崗,11,山,p17,コウ,おか
嵌,12,山,p1F,カン,"あな, はまる, はめる"
嵌,12,山,s27,カン,"あな, はまる, はめる"
嵒,12,山,p1F,ガン,"いわ, けわしい"
嵎,12,山,p7,"グ, グウ",くま
嵋,12,山,p4,ビ,
嵳,13,山,p4,サ,
嵳,13,山,p15,サ,
嵬,13,山,pA,"カイ, ギ",
嵬,13,山,s10,"カイ, ギ",
嶇,14,山,p7,ク,けわしい
嶄,14,山,p1F,"サン, ザン",
嶄,14,山,s29,"サン, ザン",
嶂,14,山,q23,ショウ,みね
嶌,14,山,s19,トウ,しま
嶢,15,山,p12,ギョウ,けわしい
嶝,15,山,q25,トウ,さかみち
嶐,14,山,p1,リュ,やまのかたち
嶬,16,山,s4,ギ,
嶮,16,山,s28,ケン,けわしい
嶼,16,山,s6,ショ,しま
嶷,17,山,p4,"ギ, ギョク",さとい
嶷,17,山,r13,"ギ, ギョク",さとい
嶽,17,山,r3,ガク,たけ
巉,20,山,p1F,"サン, ザン",
巉,20,山,s29,"サン, ザン",
巍,21,山,p5,ギ,たかい
巍,21,山,pA,ギ,たかい
巓,22,山,p11,テン,いただき
巒,22,山,pE,ラン,みね
巖,23,山,p1F,ガン,"いわ, いわお, けわしい"
囗,3,囗,p5,"イ, コク",
囮,7,囗,p15,"カ, ユウ",おとり
囹,8,囗,p19,レイ,
圀,9,囗,r13,コク,くに
囿,9,囗,q26,ユウ,その
圄,10,囗,s6,"ギョ, ゴ",ひとや
圉,11,囗,s6,"ギョ, ゴ","うまかい, ひとや"
圈,11,囗,p11,ケン,かこい
圈,11,囗,s13,ケン,かこい
國,11,囗,r13,コク,くに
圍,13,囗,p5,イ,"かこい, かこう, かこむ"
圓,13,囗,p11,エン,"まど, まどか, まる, まるい, まろやか"
圖,14,囗,p7,"ズ, ト","え, はかる"
團,14,囗,pE,"ダン, トン","かたまり, まるい"
圜,16,囗,pF,"エン, カン","まるい, めぐる"
圜,16,囗,p11,"エン, カン","まるい, めぐる"
奸,6,女,pE,カン,おかす
妁,6,女,r10,シャク,なこうど
妝,7,女,p17,"ショウ, ソウ",よそおう
妣,7,女,s4,ヒ,なきはは
妍,7,女,p11,ケン,うつくしい
妲,8,女,q15,ダツ,
姆,8,女,q26,"ボ, モ",うば
姨,9,女,p4,"イ, テイ","いもうと, いもと, おば"
姜,9,女,p17,"ガ, キョウ",こう
姙,9,女,p1C,"ジン, ニン","はらむ, みごもる"
姙,9,女,q27,"ジン, ニン","はらむ, みごもる"
姚,9,女,p12,"チョウ, ヨウ",うつくしい
娥,10,女,p15,ガ,みめよい
娟,10,女,p11,"エン, ケン",
娑,10,女,p15,"サ, シャ",
娑,10,女,s20,"サ, シャ",
娜,10,女,s20,"ダ, ナ",
娉,10,女,p19,"ヘイ, ホウ",ほ
娉,10,女,q24,"ヘイ, ホウ",ほ
娚,10,女,p1F,"ドウ, ナン, ノウ","たわむれる, めおと"
婀,11,女,p15,ア,"あだ, あだっぽい, たおやか"
婀,11,女,s20,ア,"あだ, あだっぽい, たおやか"
婬,11,女,p1C,イン,"ひたす, ほしいまま, みだら, みだれる, みだれ"
婉,11,女,s13,エン,"うつくしい, したがう"
娵,11,女,p7,"シュ, シュウ, ス, ソウ",よめ
娶,11,女,q7,シュ,"めあわせる, めとる"
婢,11,女,s4,ヒ,はしため
婪,11,女,p1D,ラン,むさぼる
媚,12,女,q4,ビ,こびる
嫂,13,女,s19,ソウ,あによめ
媼,13,女,s19,オウ,おうな
媾,13,女,q26,コウ,よしみ
嫋,13,女,s17,"ジャク, ジョウ, デキ","しなやか, たおやか, なよやかな"
媽,13,女,p16,"ボ, モ",はは
媽,13,女,s7,"ボ, モ",はは
嫐,13,女,s19,"ジョウ, ドウ",なぶる
嫦,14,女,p17,"コウ, ジョウ",
嫣,14,女,p11,エン,
嫣,14,女,s16,エン,
嫗,14,女,q7,"ウ, オウ","あたためる, おうな"
嫩,14,女,q14,"ドン, ノン",わかい
嫖,14,女,p12,ヒョウ,かるい
嫖,14,女,q18,ヒョウ,かるい
嫺,15,女,pF,カン,"ならう, みやびやか"
嫻,15,女,pF,カン,"ならう, みやびやか"
嬌,15,女,p12,キョウ,なまめかしい
嬌,15,女,s17,キョウ,なまめかしい
嬋,15,女,p11,セン,
嬖,16,女,q8,ヘイ,きにいり
嬲,17,女,s17,"ジョウ, ドウ",なぶる
嬪,17,女,pB,ヒン,ひめ
嬾,19,女,s14,ラン,"おこたる, ものうい"
孅,20,女,p1E,セン,かよわい
孀,20,女,p17,ソウ,やもめ
孃,20,女,p17,ジョウ,むすめ
尓,5,小,s4,"ジ, ニ","しかり, その, なんじ, のみ"
尠,13,小,p11,"セウ, セン",すくない
尠,13,小,s16,"セウ, セン",すくない
夛,6,夕,p15,タ,"おおい, まさに, まさる"
梦,11,夕,q1,"ボウ, ム","くらい, ゆめ, ゆめみる"
夥,14,夕,s9,"カ, ワ",おびただしい
巛,3,川,p11,セン,かわ
夬,4,大,q10,"カイ, ケチ, ケツ",わける
夭,4,大,p12,"オウ, カ, ヨウ","わかい, わかじに, わざわい"
夭,4,大,s17,"オウ, カ, ヨウ","わかい, わかじに, わざわい"
夲,5,大,p14,ホン,もと
夸,6,大,p16,"カ, コ",ほごる
夾,7,大,r17,"キョウ, コウ",はさむ
奕,9,大,r11,"エキ, ヤク",
奐,9,大,q15,カン,あきらか
奎,9,大,p8,"キ, ケイ",
奚,10,大,p8,ケイ,なんぞ
奘,10,大,s22,"ジョウ, ソウ",さかん
奠,12,大,q17,"テイ, テン, デン","さだめる, まつる"
奢,12,大,p16,シャ,"おごり, おごる"
奧,13,大,q20,"オウ, オク","おくまる, くま"
奬,14,大,s22,"ショウ, ソウ",すすめる
奩,14,大,p1E,レン,"くしげ, はこ"
赱,7,土,s25,ソウ,はしる
坎,7,土,s27,カン,あな
圻,7,土,p5,"キ, ギン",さかい
址,7,土,s4,シ,あと
坏,7,土,q10,ハイ,"おか, つき"
坩,8,土,p1D,カン,つぼ
坡,8,土,p15,"ハ, ヒ",つつみ
坿,8,土,q7,フ,
垓,9,土,pA,"カイ, ガイ",はて
垠,9,土,pB,"ギン, ゴン","きし, さかい"
垠,9,土,pC,"ギン, ゴン","きし, さかい"
垤,9,土,r9,テツ,ありづか
埃,10,土,pA,アイ,"ちり, ほこり"
埆,10,土,r3,カク,きそう
埒,10,土,r9,"ラチ, ラツ, レツ","かこい, らちがあく"
埀,10,土,p4,スイ,"たらす, たれる, なんなんとす"
埓,10,土,r9,"ラチ, ラツ, レツ","かこい, らちがあく"
袁,10,土,pD,"エン, オン",
堊,11,土,r10,"ア, アク, オ","いろつち, しろつち"
堋,11,土,p1A,ホウ,
堋,11,土,q25,ホウ,
埣,11,土,q11,ソツ,
堙,12,土,pB,イン,ふさぐ
堝,12,土,p15,カ,るつぼ
堡,12,土,s19,"ホ, ホウ",とりで
堯,12,土,p12,ギョウ,たかい
堽,12,土,p17,コウ,
塋,13,土,p18,エイ,はか
塒,13,土,p4,"シ, ジ","とぐろ, とや, ねぐら"
塢,13,土,s7,"ウ, オ",
塹,14,土,q29,"ザン, セン","あな, ほり"
墅,14,土,s6,"ショ, ヤ",しもやしき
塲,14,土,p17,"ジョウ, チョウ",ば
墟,15,土,p6,キョ,あと
墮,15,土,p4,ダ,"おちる, くずす, くずれる"
墮,15,土,s20,ダ,"おちる, くずす, くずれる"
墫,15,土,pD,シュン,
壅,16,土,p2,ヨウ,ふさぐ
壅,16,土,s2,ヨウ,ふさぐ
墺,16,土,q20,"イク, オウ",きし
墻,16,土,p17,ショウ,かき
壑,17,土,r10,"カク, ガク",たに
壓,17,土,r17,"アツ, エン, オウ","おす, おさえる, へす"
壙,18,土,q23,コウ,あな
壘,18,土,p4,"スイ, ライ, ルイ",とりで
壘,18,土,s4,"スイ, ライ, ルイ",とりで
壜,19,土,p1D,"タン, ドン",びん
壟,19,土,s2,"リョウ, ロウ","うね, おか, つか"
壞,19,土,pA,"エ, カイ","こわす, こわれる, やぶる"
壞,19,土,q10,"エ, カイ","こわす, こわれる, やぶる"
壤,20,土,s22,ジョウ,つち
壥,20,土,p11,テン,
幵,6,干,p11,ヘイ,
并,6,干,p18,"ヒョウ, ヘイ","あわせる, ならぶ"
并,6,干,q24,"ヒョウ, ヘイ","あわせる, ならぶ"
弖,4,弓,s7,テ,
弩,8,弓,s7,ド,"いしゆみ, おおゆみ"
弭,9,弓,s4,"ビ, ミ","やむ, やめる, ゆはず"
弯,9,弓,pF,ワン,ひく
弸,11,弓,p18,ホウ,
彈,15,弓,pE,"タン, ダン","ただす, たま, はじく, はじける, はずむ, ひく"
彈,15,弓,q15,"タン, ダン","ただす, たま, はじく, はじける, はずむ, ひく"
彌,17,弓,p4,"ビ, ミ","あまねし, いや, いよいよ, とおい, ひさしい, ひさし, や, わたる"
彌,17,弓,s4,"ビ, ミ","あまねし, いや, いよいよ, とおい, ひさしい, ひさし, や, わたる"
彎,22,弓,pF,ワン,ひく
迪,8,辵,r12,テキ,"いたる, すすむ, みち, みちびく"
迢,9,辵,p12,"チョ, チョウ",
迥,9,辵,s24,"ギョウ, ケイ",はるか
迯,9,辵,p14,トウ,"にがす, にげる, のがす, のがれる"
迺,10,辵,s10,"アイ, ダイ, ナイ","すなわち, なんじ, の"
逅,10,辵,q26,コウ,"あう, まみえる"
迹,10,辵,r11,"シャク, セキ",あと
迴,10,辵,pA,"エ, カイ",
迸,10,辵,q24,"ヒョウ, ホウ","はしる, ほとばしる"
逑,11,辵,p1B,キュウ,つれあい
逕,11,辵,p19,ケイ,"こみち, さしわたし, ただちに, みち"
逕,11,辵,q25,ケイ,"こみち, さしわたし, ただちに, みち"
逞,11,辵,s23,テイ,たくましい
逡,11,辵,pB,シュン,しりぞく
逖,11,辵,r12,テキ,とおい
逋,11,辵,p7,"フ, ホ",のがれる
逍,11,辵,p12,ショウ,
逎,11,辵,p1B,シュウ,"せまる, つよい"
逵,12,辵,p4,キ,おおじ
逹,12,辵,r7,"タツ, ダ",たち
逶,12,辵,p4,イ,
遐,13,辵,p16,カ,"とおい, なんぞ"
遒,13,辵,p1B,シュウ,"せまる, つよい"
遏,12,辵,r7,アツ,"とめる, とどめる"
遑,13,辵,p17,"カン, コウ","いとま, ひま"
逾,13,辵,p7,ユ,"いよいよ, こえる"
遉,13,辵,p18,テイ,"うかがう, さすが"
遉,13,辵,q24,テイ,"うかがう, さすが"
遘,14,辵,q26,コウ,"あう, まみえる"
遙,14,辵,p12,ヨウ,はるか
遞,14,辵,s8,テイ,"かわる, たがいに"
遯,15,辵,q14,トン,のがれる
遨,15,辵,p14,ゴウ,あそぶ
遶,16,辵,s17,"ジョウ, ニョウ",めぐる
邁,17,辵,q10,"バイ, マイ",ゆく
遲,16,辵,p4,チ,"おくらす, おくれる, おそい"
遲,16,辵,q4,チ,"おくらす, おくれる, おそい"
邂,17,辵,q10,カイ,あう
邀,17,辵,p12,ヨウ,"むかえる, もとめる"
遽,17,辵,q6,キョ,"あわてる, あわただしい, すみやか, にわか"
邉,18,辵,p11,ヘン,"べ, あたり, ほとり"
邇,18,辵,s4,"ジ, ニ",ちかい
邃,18,辵,q4,スイ,おくぶかい
邊,19,辵,p11,ヘン,"べ, あたり, ほとり"
邏,23,辵,p15,ラ,めぐる
邏,23,辵,q21,ラ,めぐる
宀,3,宀,p11,"ベン, メン",
它,5,宀,p15,タ,へび
宦,10,宀,q16,カン,つかさ
宸,10,宀,pB,シン,のき
寇,11,宀,q26,コウ,あだする
寃,11,宀,pD,エン,
寔,12,宀,r13,ショク,"これ, じき, まことに"
寐,12,宀,q4,ビ,ねる
寞,13,宀,r10,"バク, マク",さびしい
寤,14,宀,q7,ゴ,さめる
寥,14,宀,p12,リョウ,さびしい
寨,14,宀,q10,サイ,とりで
實,14,宀,r4,"シツ, ジツ","まことに, み, みちる, みのり, みのる"
寢,14,宀,s26,シン,"いぬ, ねかす, ねる, みたまや, やめる"
寫,15,宀,s21,シャ,"うつす, うつる"
寰,16,宀,pF,カン,
寳,19,宀,s19,ホウ,たから
寶,20,宀,s19,ホウ,たから
夂,3,夂,p4,チ,しゅう
夊,3,夂,p4,スイ,ゆき
夐,14,夂,p18,"ケイ, ケン",はるか
夐,14,夂,s24,"ケイ, ケン",はるか
帋,7,巾,s4,シ,かみ
帚,8,巾,s25,"シュウ, ソウ",ほうき
帙,8,巾,r4,チツ,ふまき
帑,8,巾,p7,"トウ, ド",かねぐら
帑,8,巾,s22,"トウ, ド",かねぐら
帛,8,巾,r11,ハク,きぬ
帷,11,巾,p4,イ,とばり
帶,11,巾,q9,タイ,"おびる, おび"
幄,12,巾,r3,アク,とばり
幀,12,巾,q24,"チョウ, テイ, トウ",
幇,12,巾,p17,ホウ,たすける
幃,13,巾,p5,"イ, キ",とばり
幎,13,巾,r12,ベキ,とばり
幗,14,巾,r11,カク,
幔,14,巾,q15,"バン, マン",まく
幟,15,巾,q4,シ,のぼり
幢,15,巾,p3,トウ,はた
幢,15,巾,q3,トウ,はた
幤,15,巾,q8,ヘイ,ぬさ
彡,3,彡,p1E,"サン, セン",
彡,3,彡,p1F,"サン, セン",
彭,12,彡,p17,ホウ,
彭,12,彡,p18,ホウ,
彳,3,彳,r2,テキ,たたずむ
彷,7,彳,p17,ホウ,さまよう
彷,7,彳,s22,ホウ,さまよう
徂,8,彳,p7,ソ,ゆく
彿,8,彳,r5,フツ,
徃,8,彳,s22,オウ,"いく, いにしえ, さきに, ゆく"
徊,9,彳,pA,"エ, カイ, クワイ",さまよう
很,9,彳,s13,"ギン, コウ, コン",もとる
徇,9,彳,q12,"シュン, ジュン","あまねし, したがう, となえる"
徑,10,彳,p19,ケイ,"こみち, さしわたし, ただちに, みち"
徑,10,彳,q25,ケイ,"こみち, さしわたし, ただちに, みち"
徙,11,彳,s4,シ,"うつす, うつる"
徘,11,彳,p9,ハイ,さまよう
從,11,彳,p2,"ショウ, ジュ, ジュウ","したがう, したがえる, より"
從,11,彳,q2,"ショウ, ジュ, ジュウ","したがう, したがえる, より"
徠,11,彳,pA,ライ,"きたす, きたる, くる"
徠,11,彳,q11,ライ,"きたす, きたる, くる"
徨,12,彳,p17,コウ,さまよう
徭,13,彳,p12,"エウ, ヨウ","えだち, つかい, ふぞろい"
徼,16,彳,p12,"キョウ, ヨウ",めぐる
徼,16,彳,q18,"キョウ, ヨウ",めぐる
广,3,广,s28,ゲン,
庠,9,广,p17,ショウ,まなびや
廁,12,广,q4,"シ, ショク",かわや
廂,12,广,p17,"ショウ, ソウ",ひさし
廈,13,广,s21,"カ, サ",いえ
廐,13,广,q26,キュウ,うまや
廏,14,广,q26,キュウ,うまや
廖,14,广,q26,リョウ,
廚,15,广,p7,"シュウ, ズ, チュ, チュウ",くりや
廝,15,广,p4,シ,こもの
廛,15,广,p11,テン,"たな, みせ, やしき"
廡,15,广,s7,ブ,"しげる, ひさし"
廣,15,广,s22,コウ,"ひろい, ひろがる, ひろげる, ひろまる, ひろめる"
廢,15,广,q11,ハイ,"すたる, すたれる"
廨,16,广,q10,"カイ, ケ",やくしょ
廩,16,广,s26,リン,くら
廬,19,广,p6,"リョ, ロ","いえ, いお, いおり"
廰,20,广,p19,"チョウ, テイ",やくしょ
廱,21,广,p2,ヨウ,やわらぐ
廳,25,广,p19,"チョウ, テイ",やくしょ
尅,10,寸,r13,コク,かつ
將,11,寸,p17,"ショウ, ソウ","はた, ひきいる, まさに, もって"
將,11,寸,q23,"ショウ, ソウ","はた, ひきいる, まさに, もって"
專,11,寸,p11,セン,もっぱら
對,14,寸,q11,"タイ, ツイ","あいて, こたえる, そろい, つれあい, ならぶ, むかう"
阡,6,阜,p11,セン,
阮,7,阜,pD,ゲン,
阮,7,阜,s13,ゲン,
阯,7,阜,s4,シ,あと
阨,7,阜,q10,"アイ, アク, ヤク","せまい, せまる, ふさがる"
陂,8,阜,p4,"ハ, ヒ",つつみ
陂,8,阜,q4,"ハ, ヒ",つつみ
陋,9,阜,q26,ロウ,"いやしい, せまい"
陌,9,阜,r11,ハク,"まち, みち"
陏,9,阜,p4,ダ,ずい
陏,9,阜,s20,ダ,ずい
陜,10,阜,r17,"キョウ, コウ",せまい
陝,10,阜,s28,セン,
陟,11,阜,r13,"チョク, トク","すすむ, のぼる"
陞,10,阜,p1A,ショウ,のぼる
陦,10,阜,s19,"チョウ, トウ",しま
陬,11,阜,p7,"シュウ, スウ",すみ
陬,11,阜,p1B,"シュウ, スウ",すみ
陲,11,阜,p4,スイ,ほとり
陷,11,阜,q30,カン,"おちいる, おとしいれる"
隋,12,阜,p4,"スイ, ズイ, タ, ダ",
隍,12,阜,p17,コウ,ほり
隗,13,阜,pA,カイ,けわしい
隗,13,阜,s10,カイ,けわしい
隕,13,阜,s11,"イン, ウン, エン",おちる
隘,13,阜,q10,"アイ, ヤク",せまい
隧,15,阜,q4,"スイ, ツイ",みち
隨,16,阜,p4,ズイ,"したがう, まにまに"
險,16,阜,s28,ケン,けわしい
隰,17,阜,r14,"シツ, シュウ",さわ
隱,17,阜,s12,"イン, オン","かくす, かくれる, よる"
隲,17,阜,r4,"シツ, チョク",のぼる
隴,19,阜,s2,"リョウ, ロウ",おか
尸,3,尸,p4,シ,かたしろ
尹,4,尸,s11,イン,"おさ, ただす"
屁,7,尸,q4,ヒ,"おなら, へ"
屆,8,尸,q10,カイ,"とどく, とどける"
屎,9,尸,s4,"キ, シ",くそ
屏,9,尸,p19,"ビョウ, ヘイ","おおう, しりぞく, びょうぶ"
屓,10,尸,q4,キ,
屐,10,尸,r11,"ケキ, ゲキ",はきもの
屬,21,尸,q7,"ショク, ゾク","さかん, つく, やから"
弋,3,弋,r13,ヨク,いぐるみ
貮,11,弋,q4,"ジ, ニ","そえ, ふたつ"
弑,12,弋,q4,"シ, シイ",しいする
貳,12,弋,q4,"ジ, ニ","そえ, ふたつ"
邨,7,邑,pD,ソン,むら
邯,8,邑,p1D,カン,
邵,8,邑,q18,ショウ,
邱,8,邑,p1B,キュウ,おか
郛,10,邑,p7,フ,くるわ
郢,10,邑,s23,エイ,
郤,10,邑,r10,"キャク, ケキ, ゲキ",
鄂,12,邑,r10,ガク,
鄒,13,邑,p1B,"シュ, シュウ, スウ",
鄙,14,邑,s4,ヒ,"いやしい, ひな, ひなびる"
鄲,15,邑,pE,タン,
鄰,16,邑,pB,リン,"となる, となり"
廴,3,廴,s11,イン,
廸,8,廴,r12,テキ,"いたる, すすむ, みち, みちびく"
廾,3,廾,s2,"キョウ, ク",にじゅう
弃,7,廾,q4,キ,すてる
弉,10,廾,s22,"ジョウ, ソウ",さかん
彜,16,廾,p4,イ,つね
彝,18,廾,p4,イ,つね
已,3,己,s4,イ,"すでに, のみ, はなはだ, やむ"
巵,7,己,p4,シ,さかずき
尢,3,尢,p1B,オウ,
尨,7,尢,p3,ボウ,むくいぬ
幺,3,幺,p12,ヨウ,ちいさい
麼,14,幺,p15,"バ, ビ, マ, ミ, モ",
麼,14,幺,s20,"バ, ビ, マ, ミ, モ",
屮,3,屮,s19,"サ, テツ",ひだりて
彑,3,彐,q8,ケイ,
彖,9,彐,q15,タン,
彗,11,彐,q4,"エ, ケイ, スイ, セイ",ほうき
犲,6,犬,p9,サイ,やまいぬ
狄,7,犬,r12,テキ,えびす
狃,7,犬,s25,ジュウ,"なれる, ならう"
犹,7,犬,p1B,"ジョウ, ユウ, ヨウ",なお
狎,8,犬,r17,"オウ, コウ","あなどる, なれる"
狒,8,犬,q5,ヒ,ひひ
狢,9,犬,r10,"カク, ハク, バク",むじな
狡,9,犬,s18,"キョウ, コウ","こすい, ずるい, わるがしこい"
狠,9,犬,pF,"ガン, ゲン, コン",もとる
狠,9,犬,s13,"ガン, ゲン, コン",もとる
狷,10,犬,s16,ケン,
倏,10,犬,r1,シュク,たちまち
狹,10,犬,r17,"キョウ, コウ","さ, せばまる, せばめる, せまい"
猊,11,犬,p8,ゲイ,
猜,11,犬,pA,サイ,そねむ
猖,11,犬,p17,ショウ,くるう
猗,11,犬,p4,"ア, イ",ああ
猝,11,犬,r6,ソツ,にわか
猴,12,犬,p1B,コウ,さる
猩,12,犬,p18,"ショウ, セイ, ソウ",しょうじょう
猩,12,犬,p19,"ショウ, セイ, ソウ",しょうじょう
猯,12,犬,pE,タン,"いのしし, まみ"
猥,12,犬,s10,ワイ,"みだら, みだりに"
獏,13,犬,r11,"バク, ミャク",
猾,13,犬,r8,カツ,わるがしこい
獗,15,犬,r6,ケツ,
獎,15,犬,s22,"ショウ, ソウ",すすめる
獪,16,犬,q9,カイ,わるがしこい
獨,16,犬,r1,"トク, ドク",ひとり
獰,17,犬,p18,"ドウ, ネイ",わるい
獵,18,犬,r10,"リョウ, レフ","かる, かり"
獺,19,犬,r7,"タツ, ダツ","うそ, かわ, かわうそ"
獸,19,犬,q26,ジュウ,"けだもの, けもの"
獻,20,犬,p15,"ケン, コン",たてまつる
獻,20,犬,q14,"ケン, コン",たてまつる
扎,4,手,r8,"アツ, サツ",
扞,6,手,q15,カン,ふせぐ
扛,6,手,p3,コウ,あげる
扣,6,手,s25,コウ,"たたく, ひかえる"
扠,6,手,p16,サ,"さす, さて"
扨,6,手,q12,サ,"さす, さて"
扼,7,手,r11,"アク, ヤク",おさえる
抉,7,手,r9,ケツ,"えぐる, くじる, こじる"
找,7,手,p16,ソウ,
找,7,手,s18,ソウ,
抒,7,手,s6,"ショ, ジョ","くむ, のべる"
抓,7,手,p13,ソウ,"つねる, つめる, つねる, つまむ"
抖,7,手,s25,"ト, トウ",
抃,7,手,pD,ベン,うつ
抃,7,手,q17,ベン,うつ
抔,7,手,pA,"ハイ, ホウ","すくう, など"
抔,7,手,p1B,"ハイ, ホウ","すくう, など"
抛,7,手,p13,ホウ,なげうつ
抂,7,手,p17,"キョウ, ゴウ",
拗,8,手,s18,"イク, オウ, ユウ, ヨウ","こじれる, すねる, ねじける, ねじれる"
拑,8,手,p1E,"カン, ケン",つぐむ
抻,8,手,pB,"シン, チン",
抻,8,手,q12,"シン, チン",
拆,8,手,r11,"セキ, タク","さく, ひらく"
拈,8,手,p1E,"セン, デン, ネン",ひねる
拌,8,手,pE,ハン,
拌,8,手,s14,ハン,
拊,8,手,s7,フ,"うつ, なでる, はる"
拇,8,手,s7,ボ,おやゆび
抬,8,手,pA,タイ,もたげる
拔,8,手,r7,"ハイ, バツ","ぬかす, ぬかる, ぬく, ぬける"
拂,8,手,r5,"ヒツ, フツ, ホツ",はらう
拏,9,手,p16,"ダ, ナ","つかむ, ひく"
挌,9,手,r11,カク,うつ
拮,9,手,r4,"カツ, キツ, ケツ",はたらく
拱,9,手,s2,"キョウ, コウ","こまぬく, こまねく"
挂,9,手,q10,"カイ, ケ, ケイ",かける
拯,9,手,s24,"ショウ, ジョウ",すくう
拵,9,手,pD,ソン,こしらえる
拵,9,手,q14,ソン,こしらえる
拜,9,手,q10,ハイ,"おがむ, おろがむ"
拿,10,手,p16,"ダ, ナ","つかむ, ひく"
挈,10,手,r9,"ケイ, ケツ",ひっさげる
捐,10,手,p11,エン,すてる
捍,10,手,q15,カン,ふせぐ
捏,10,手,r9,"テツ, ネチ, ネツ","こねる, つくねる, ねる"
捩,10,手,q8,"レイ, レツ","ねじる, ねじれる, もじる, よじる"
挾,10,手,r16,"キョウ, ショウ","さしはさむ, はさまる, はさむ, わきばさむ"
掖,11,手,r11,エキ,"たすける, わきばさむ"
掎,11,手,s4,キ,ひく
掀,11,手,pD,"キン, ケン",
掫,11,手,p1B,"シュウ, ソウ","うつ, たきぎ, まもる"
掫,11,手,s25,"シュウ, ソウ","うつ, たきぎ, まもる"
捶,11,手,s4,スイ,むちうつ
掏,11,手,p14,トウ,"えらぶ, する"
掉,11,手,s17,"チョウ, トウ",ふるう
掟,11,手,s23,"ジョウ, チョウ, テイ, トウ",おきて
捫,11,手,pD,モン,なでる
掣,12,手,q8,"セイ, セツ",ひく
掾,12,手,q17,"エン, テン",じょう
揩,12,手,p9,"カイ, カツ",ぬぐう
揀,12,手,s15,"カン, ケン",えらぶ
揆,12,手,s4,キ,"はかる, はかりごと"
揣,12,手,s4,"シ, スイ, タン",はかる
揉,12,手,p1B,ジュウ,"もむ, もめる"
揉,12,手,s25,ジュウ,"もむ, もめる"
揶,12,手,p16,ヤ,からかう
揄,12,手,p7,"ユ, ユウ, ヨウ",
揄,12,手,p1B,"ユ, ユウ, ヨウ",
搜,13,手,p1B,"シュ, シュウ, ソウ",さがす
插,12,手,r17,ソウ,"さす, はさむ"
搆,13,手,q26,コウ,
搦,13,手,r3,"ジャク, ジョク, ダク, ニャク","がらみ, からめる"
搶,13,手,p17,"ショウ, ソウ",つく
搶,13,手,p18,"ショウ, ソウ",つく
搶,13,手,s22,"ショウ, ソウ",つく
搓,13,手,p15,"サ, サイ",よる
搗,13,手,s19,トウ,"かつ, つく"
搏,13,手,r10,ハク,"うつ, とる"
搨,13,手,r15,トウ,"うつ, する"
搖,13,手,p12,ヨウ,"うごく, ゆさぶる, ゆすぶる, ゆする, ゆらぐ, ゆるぐ, ゆれる"
搖,13,手,q18,ヨウ,"うごく, ゆさぶる, ゆすぶる, ゆする, ゆらぐ, ゆるぐ, ゆれる"
搴,14,手,p11,ケン,"とる, ぬく"
搴,14,手,s16,ケン,"とる, ぬく"
摶,14,手,pE,"セン, タン",まるい
摧,14,手,pA,"サ, サイ",くだく
摎,14,手,p13,"キュウ, ク",
摎,14,手,p1B,"キュウ, ク",
撓,15,手,p13,"キョウ, コウ, ジョウ, トウ","しおる, しなう, たわむ, たわめる, みだす, みだれる"
撓,15,手,p14,"キョウ, コウ, ジョウ, トウ","しおる, しなう, たわむ, たわめる, みだす, みだれる"
撓,15,手,s18,"キョウ, コウ, ジョウ, トウ","しおる, しなう, たわむ, たわめる, みだす, みだれる"
撥,15,手,r7,"ハツ, バチ","おさめる, はねる"
撕,15,手,p8,"シ, セイ",
撩,15,手,p12,"リョウ, ロウ",
撈,15,手,p14,"リョウ, ロウ",
擒,16,手,p1C,キン,"とらえる, とりこ"
撼,16,手,s27,カン,うごかす
擅,16,手,q17,セン,ほしいまま
撻,16,手,r7,タツ,むちうつ
擂,16,手,pA,ライ,する
擂,16,手,q11,ライ,する
據,16,手,q6,"キョ, コ",よる
擇,16,手,r11,タク,えらぶ
擔,16,手,p1D,タン,"かつぐ, になう"
擔,16,手,q28,タン,"かつぐ, になう"
擘,17,手,r11,"ハク, ヒャク, ヘキ",さく
擱,17,手,r10,カク,おく
擠,17,手,p8,"サイ, セイ",おす
擠,17,手,q8,"サイ, セイ",おす
擡,17,手,pA,タイ,もたげる
擣,17,手,s19,トウ,"うつ, つく"
擯,17,手,q12,ヒン,しりぞける
擧,17,手,s6,キョ,"あがる, あげる, こぞる"
擲,18,手,r11,"ジャク, チャク, テキ","なぐる, なげうつ"
擺,18,手,s9,ハイ,ひらく
擽,18,手,r10,"フキ, ラク, リャク, レキ","うつ, くすぐる"
攅,18,手,pE,サン,あつまる
擴,18,手,r10,"カク, コウ","ひろがる, ひろげる, ひろめる"
擶,18,手,q17,セン,ただす
攀,19,手,pF,ハン,よじる
攘,20,手,p17,ジョウ,"ぬすむ, はらう"
攘,20,手,s22,ジョウ,"ぬすむ, はらう"
攜,21,手,p8,ケイ,"たずさえる, たずさわる"
攝,21,手,r16,"ショウ, セツ","おさめる, かねる, とる"
攤,22,手,pE,タン,ひらく
攤,22,手,q15,タン,ひらく
攪,23,手,s18,"カク, コウ",みだす
攣,23,手,p11,レン,"つる, ひく"
攫,23,手,r10,カク,"さらう, つかむ"
攬,25,手,s27,ラン,とる
汕,6,水,q16,サン,
汞,7,水,s1,コウ,みずがね
汪,7,水,p17,オウ,
沍,7,水,q7,"コ, ゴ","こおる, さえる, ひえる"
沚,7,水,s4,シ,なぎさ
沁,7,水,q27,シン,しみる
汨,7,水,r6,"イツ, コツ, ベキ",しずむ
沂,7,水,p5,"キ, ギ, ギン",
沐,7,水,r1,モク,"あらう, もくする"
泛,7,水,q30,"ハン, ホウ",うかぶ
沛,8,水,q9,ハイ,
汾,7,水,pC,フン,
汳,7,水,q14,"ヘン, ベン",
沒,7,水,r6,"ボツ, モツ","おぼれる, しずむ, ない"
泓,8,水,p18,オウ,ふかい
泗,8,水,q4,シ,なみだ
沽,8,水,p7,コ,"あたい, あらい, うる"
沮,8,水,p6,"ショ, ソ",はばむ
沮,8,水,s6,"ショ, ソ",はばむ
泝,8,水,q7,ソ,さかのぼる
泄,8,水,q8,"エイ, セツ",もれる
泅,8,水,p1B,シュウ,およぐ
沱,8,水,p15,"タ, ダ",
沱,8,水,s20,"タ, ダ",
泪,8,水,q4,"ルイ, レイ",なみだ
泯,8,水,pB,"ビン, ベン, ミン, メン",ほろびる
泯,8,水,s11,"ビン, ベン, ミン, メン",ほろびる
沾,8,水,p1E,"セン, チョウ, テン","うるおう, うるおす"
沾,8,水,q29,"セン, チョウ, テン","うるおう, うるおす"
泱,8,水,p17,オウ,
泱,8,水,s22,オウ,
沺,8,水,p11,デン,
泙,8,水,p18,ホウ,
洸,9,水,p17,コウ,
洽,9,水,r17,コウ,"あまねし, うるおす"
洌,9,水,r9,"レイ, レツ",きよい
洟,9,水,p4,"イ, テイ","はなしる, はなじる"
洟,9,水,q8,"イ, テイ","はなしる, はなじる"
洶,9,水,p2,キョウ,わく
洶,9,水,s2,キョウ,わく
洵,9,水,pB,"シュン, ジュン","のぶ, まことに"
洒,9,水,s21,"サイ, シャ, セイ, セン, ソン","あらう, すすぐ"
洫,9,水,r13,キョク,みぞ
洙,9,水,p7,シュ,
洳,9,水,p6,ジュ,
洳,9,水,q6,ジュ,
浣,10,水,s14,カン,あらう
浙,10,水,q8,セツ,
涕,10,水,s8,テイ,"なく, なみだ"
涓,10,水,p11,ケン,
浹,10,水,r16,ショウ,あまねし
浚,10,水,q12,シュン,"さらう, さらえる"
涅,10,水,r9,"デツ, ネツ",そめる
涎,10,水,p11,"エン, セン",よだれ
浤,10,水,p18,コウ,ふかい
淹,11,水,p1E,エン,いれる
淹,11,水,q29,エン,いれる
淬,11,水,q11,サイ,にらぐ
淒,11,水,p8,"サイ, セイ","さむい, すごい, すごむ, すさまじい"
涵,11,水,p1D,カン,ひたす
涸,11,水,q7,"カク, コ","からす, かれる, こおる"
淅,11,水,r12,セキ,
淙,11,水,p2,ソウ,
淙,11,水,p3,ソウ,
淙,11,水,q3,ソウ,
淆,11,水,p13,コウ,まじる
淪,11,水,pB,"リン, ロン",しずむ
淌,11,水,q23,トウ,
淤,11,水,p6,"オ, ヨ",どろ
淤,11,水,q6,"オ, ヨ",どろ
渕,11,水,p11,"エン, カク, コウ","かたい, はなわ, ふち"
渊,11,水,p11,"エン, カク, コウ","かたい, はなわ, ふち"
淇,11,水,p4,キ,
淦,11,水,p1D,"カン, コン",あか
淦,11,水,q28,"カン, コン",あか
淞,11,水,p2,ショウ,
淨,11,水,q24,"ジョウ, セイ","きよい, きよめる"
淺,11,水,s16,セン,あさい
淕,11,水,r1,"リク, ロク",
淮,11,水,p9,"エ, カイ, ワイ",
渮,11,水,p15,カ,
渙,12,水,q15,カン,あきらか
渣,12,水,p16,サ,
渣,12,水,q22,サ,
湲,12,水,pD,"エン, カン",
湲,12,水,pF,"エン, カン",
湲,12,水,p11,"エン, カン",
渭,12,水,q5,イ,
湮,12,水,pB,"イン, エン","しずむ, ふさぐ"
湮,12,水,p11,"イン, エン","しずむ, ふさぐ"
湫,12,水,p1B,"シュウ, ショウ","くて, くで"
湫,12,水,s17,"シュウ, ショウ","くて, くで"
渾,12,水,pD,コン,"すべて, にごる"
渾,12,水,s13,コン,"すべて, にごる"
湍,12,水,pE,タン,"はやい, はやせ"
渺,12,水,s17,ビョウ,びょうたる
渫,12,水,r9,"セツ, チョウ",さらう
游,12,水,p1B,"ユウ, リュウ","あそび, あそぶ, およぐ"
渟,12,水,p19,テイ,とどまる
湎,12,水,s16,"ベン, メン","おぼれる, しずむ"
渝,12,水,p7,ユ,かわる
湃,12,水,q10,ハイ,
湟,12,水,p17,コウ,
湶,12,水,p11,セン,"いずみ, ぜに"
渤,12,水,r6,"ホツ, ボツ",
溯,13,水,q7,"サク, ソ",さかのぼる
滉,13,水,s22,コウ,ひろい
溽,13,水,r2,"ジョク, ヒョク",むしあつい
滄,13,水,p17,ソウ,
溏,13,水,p17,トウ,
溥,13,水,s7,"ハク, フ",あまねし
溷,13,水,pD,コン,"かわや, けがれる, にごる, みだれる"
溷,13,水,q14,コン,"かわや, けがれる, にごる, みだれる"
滔,13,水,p14,トウ,はびこる
滂,13,水,p17,"ホウ, ボウ",
溘,13,水,r15,コウ,
溟,13,水,p19,メイ,"うみ, くらい"
溟,13,水,s24,メイ,"うみ, くらい"
溲,13,水,p1B,"シュ, シュウ, ソウ","いばり, ひたす"
溲,13,水,s25,"シュ, シュウ, ソウ","いばり, ひたす"
滓,13,水,s4,"サイ, シ","おり, かす"
溪,13,水,p8,ケイ,"たに, たにがわ"
滾,14,水,s13,コン,"たぎらかす, たぎる"
漲,14,水,q23,チョウ,みなぎる
滬,14,水,s7,"コ, コウ",
滸,14,水,s7,コ,ほとり
漱,14,水,p1B,"シュウ, ス, ソウ","うがい, くちすすぐ, くちそそぐ, すすぐ"
漱,14,水,q26,"シュウ, ス, ソウ","うがい, くちすすぐ, くちそそぐ, すすぐ"
漾,14,水,q23,ヨウ,ただよう
滲,14,水,p1C,シン,"しみる, にじむ"
滲,14,水,q27,シン,"しみる, にじむ"
漓,14,水,p4,リ,うすい
滷,14,水,s7,ロ,
滌,14,水,r12,"ジョウ, テキ, デキ",あらう
滿,14,水,s14,"バン, マン","みたす, みちる, みつ"
滯,14,水,q8,"タイ, テイ",とどこおる
漑,15,水,q5,"カイ, ガイ",そそぐ
潴,15,水,p6,チョ,
澂,15,水,p1A,チョウ,"すむ, すます"
漿,15,水,p17,ショウ,こんず
滕,15,水,p1A,トウ,わく
潸,15,水,pF,サン,
潸,15,水,s15,サン,
潘,15,水,pE,ハン,
澎,15,水,p18,"ヒョウ, ホウ",
潺,15,水,pF,"サン, セン",
潺,15,水,p11,"サン, セン",
潭,15,水,p1D,"ジン, タン","ふかい, ふち"
澆,15,水,p12,ギョウ,そそぐ
潯,15,水,p1C,ジン,ふち
潦,15,水,s19,ロウ,にわたずみ
濆,15,水,pC,"フン, ホン","ほとり, わく"
潁,15,水,s23,エイ,
澁,15,水,r14,"シュウ, ジュウ","しぶ, しぶい, しぶる"
潼,15,水,p1,"トウ, ドウ",
澑,15,水,q26,リュウ,"したたる, たまる, ためる, たまる, たまり, ため"
澡,16,水,s19,ソウ,あらう
澪,16,水,p19,レイ,みお
澣,16,水,s14,カン,あらう
澹,16,水,p1D,"セン, タン",あわい
澹,16,水,s27,"セン, タン",あわい
澳,16,水,q20,"イク, オウ, オク","おき, くま"
濛,16,水,p1,モウ,こさめ
澤,16,水,r10,タク,"うるおい, うるおす, さわ, つや"
濂,16,水,p1E,レン,
濤,17,水,p14,トウ,なみ
濶,17,水,r7,カツ,ひろい
濬,17,水,q12,シュン,さらう
濘,17,水,s6,ネイ,ぬかる
濔,17,水,s4,ビ,
濮,17,水,r1,"ホク, ボク",
濱,17,水,pB,ヒン,はま
濱,17,水,p11,ヒン,はま
濕,17,水,r14,"シツ, シュウ","うるおう, うるおす, しめす, しめる"
濟,17,水,s8,"サイ, セイ","すます, すむ, すくう, なす, わたす, わたる"
澀,17,水,r14,"シュウ, ジュウ","しぶ, しぶい, しぶる"
潛,17,水,p1E,セン,"かくれる, くぐる, ひそむ, ひそめる, もぐる"
潛,17,水,q29,セン,"かくれる, くぐる, ひそむ, ひそめる, もぐる"
瀋,18,水,s26,シン,
濺,18,水,p11,セン,そそぐ
濺,18,水,q17,セン,そそぐ
瀁,18,水,s22,ヨウ,
瀏,18,水,p1B,リュウ,きよい
瀏,18,水,s25,リュウ,きよい
瀉,18,水,s21,シャ,"くだす, はく"
瀑,18,水,q20,"ハク, バク, ホウ, ホク, ボウ, ボク","たき, にわかあめ"
濾,18,水,q6,"リョ, ロ",こす
瀚,19,水,q15,カン,ひろい
瀛,19,水,p18,エイ,うみ
瀝,19,水,r12,レキ,したたる
瀟,19,水,p12,ショウ,
瀘,19,水,p7,ロ,
濳,19,水,q29,セン,"かくれる, くぐる, ひそむ, ひそめる, もぐる"
灌,20,水,q15,カン,そそぐ
瀾,20,水,pE,ラン,なみ
瀾,20,水,q15,ラン,なみ
瀲,20,水,s28,レン,なぎさ
瀰,20,水,p4,"ビ, ミ",
瀰,20,水,s4,"ビ, ミ",
灑,22,水,s9,"サ, サイ, シャ, セ",そそぐ
灣,25,水,pF,ワン,いりえ
忖,6,心,s13,ソン,はかる
忻,7,心,pC,キン,よろこぶ
忤,7,心,q7,ゴ,"さからう, もとる"
忸,7,心,s25,"ジク, ジュウ",はじる
忱,7,心,p1C,シン,まこと
忰,7,心,q4,スイ,"せがれ, やつれる"
忝,8,心,s28,テン,かたじけない
忿,8,心,s12,フン,"いかる, いかり"
怡,8,心,p4,イ,よろこぶ
怙,8,心,s7,コ,たのむ
怩,8,心,p4,ジ,
怛,8,心,r7,"タツ, タン, ダツ",いたむ
怕,8,心,q22,"ハ, ハク, ヒャク",おそれる
怫,8,心,r5,"ハイ, ヒ, フツ",
怦,8,心,p18,"ヒョウ, ホウ",
怏,8,心,s22,"オウ, ヨウ",うらむ
怐,8,心,q7,ク,
怎,9,心,s26,"シン, ソ","いかで, なんぞ"
怱,9,心,p1,ソウ,"あわてる, にわか"
恪,9,心,r10,カク,つつしむ
恟,9,心,p2,キョウ,おそれる
恟,9,心,s2,キョウ,おそれる
恊,9,心,r17,キョウ,"あわせる, かなう"
恍,9,心,s22,コウ,"とぼける, ほれる"
恃,9,心,s4,"シ, ジ",たのむ
恤,9,心,r4,"シュツ, ジュツ","あわれむ, うれえる, めぐむ"
恂,9,心,pB,"シュン, ジュン",まこと
恬,9,心,p1E,テン,"やすい, やすらく"
恫,9,心,p1,"トウ, ドウ",いたむ
恫,9,心,q1,"トウ, ドウ",いたむ
恠,9,心,q10,"カイ, ケ","あやしい, あやしむ"
恆,9,心,p1A,コウ,つねに
恚,10,心,q4,イ,いかる
恁,10,心,s26,"イン, ジン, ニン",
恙,10,心,q23,ヨウ,つつがない
悁,10,心,p11,"エン, ケン",
悁,10,心,q17,"エン, ケン",
悍,10,心,s14,カン,"あらし, たけし"
悃,10,心,s13,コン,まごころ
悚,10,心,s2,ショウ,おそれる
悄,10,心,s17,ショウ,うれえる
悛,10,心,p11,"シュン, セン",あらためる
悖,10,心,q11,"ハイ, ボツ",もとる
悒,10,心,r14,ユウ,"うれえる, ふさぐ"
悧,10,心,q4,リ,
悋,10,心,q12,リン,"おしむ, ねたむ, やぶさか"
悗,10,心,pE,"バン, マン",
悸,11,心,q4,キ,
惓,12,心,p11,ケン,うむ
惓,12,心,q17,ケン,うむ
悴,11,心,q4,スイ,"せがれ, やつれる"
悽,11,心,p8,セイ,いたむ
惆,11,心,p1B,チュウ,うらむ
悵,11,心,q23,チョウ,"いたむ, うらむ"
惘,11,心,s22,"ボウ, モウ",あきれる
愕,12,心,r10,ガク,おどろく
惶,12,心,p17,コウ,おそれる
愀,12,心,p1B,"シュウ, ショウ",
愀,12,心,s17,"シュウ, ショウ",
惴,12,心,q4,"スイ, ズイ",おそれる
惺,12,心,p19,セイ,さとる
惺,12,心,s24,セイ,さとる
愃,12,心,pD,"カン, ケン",
愃,12,心,p11,"カン, ケン",
愃,12,心,s13,"カン, ケン",
惻,12,心,r13,"ショク, ソク",いたむ
愎,12,心,r13,"ヒョク, フク",もとる
惠,12,心,q8,"エ, ケイ","めぐみ, めぐむ"
悳,12,心,r13,トク,
惡,12,心,p7,"アク, オ","あし, ああ, いずくに, いずくんぞ, にくい, にくむ, わるい"
惡,12,心,q7,"アク, オ","あし, ああ, いずくに, いずくんぞ, にくい, にくむ, わるい"
愡,12,心,p1,ソウ,
愡,12,心,s1,ソウ,
惱,12,心,s19,ノウ,"なやましい, なやます, なやむ, なやみ"
愆,13,心,p11,ケン,あやまる
惷,13,心,s11,シュン,
愍,13,心,s11,"ビン, ミン",あわれむ
慍,13,心,q13,"ウン, オン","いかり, いかる, うらむ"
愾,13,心,q5,"ガイ, キ, キツ, ケ",ためいき
愧,13,心,q4,キ,"とがめる, はじらう, はじる, はずかしめる"
慊,13,心,p1E,"キョウ, ケン","あきたりる, うらむ"
慊,13,心,s28,"キョウ, ケン","あきたりる, うらむ"
愴,13,心,p17,ソウ,"いたむ, いたましい"
愴,13,心,q23,ソウ,"いたむ, いたましい"
愽,13,心,r10,タン,
愼,13,心,q12,シン,"つつしみ, つつしむ"
慇,14,心,pB,イン,
慇,14,心,pC,イン,
愨,14,心,r3,カク,"つつしむ, まこと"
愿,14,心,q14,ゲン,つつしむ
愬,14,心,q7,"サク, ソ",うったえる
慂,14,心,s2,ヨウ,"すすむ, すすめる"
慷,14,心,p17,コウ,なげく
慷,14,心,s22,コウ,なげく
慚,14,心,p1D,ザン,"はじ, はじる"
慴,14,心,r16,"シュウ, ショウ",おそれる
慥,14,心,q20,ゾウ,たしかに
慟,14,心,q1,"トウ, ドウ",なげく
慝,14,心,r13,トク,わるい
慓,14,心,p12,ヒョウ,
慓,14,心,q18,ヒョウ,
慵,14,心,p2,"ショウ, ヨウ",ものうい
慘,14,心,s27,サン,"いたむ, みじめ, むごい"
慱,14,心,pE,タン,
慯,14,心,p17,ショウ,
慳,15,心,pF,"カン, ケン",おしむ
慙,15,心,p1D,ザン,"はじ, はじる"
慫,15,心,s2,ショウ,すすめる
憔,15,心,p12,"ショウ, セウ, ソウ","やせる, やつれる"
憚,15,心,s14,"タ, タン",はばかる
憫,15,心,s11,"ビン, ミン","あわれむ, うれえる"
憮,15,心,p7,"コ, ブ",いつくしむ
憮,15,心,s7,"コ, ブ",いつくしむ
憇,15,心,q8,ケイ,"いこい, いこう"
憖,16,心,q12,"キン, ギン",なまじい
憊,16,心,q10,"ハイ, ヘイ",つかれる
憑,16,心,p1A,ヒョウ,"たのむ, つく, つかれる, よる"
懌,16,心,r11,エキ,よろこぶ
懊,16,心,s19,オウ,"じれったい, なやむ"
懈,16,心,q10,"カイ, ケ","おこたる, たわい"
懆,16,心,s19,ソウ,
憺,16,心,s27,タン,
懍,16,心,s26,"ラン, リン",
憙,16,心,s4,キ,"ああ, このむ, よろこぶ"
懃,17,心,pC,"キン, ゴン",ねんごろ
懋,17,心,q26,ボウ,"しげる, つとめる"
懦,17,心,p7,"ジュ, ゼン, ダ",よわい
懦,17,心,q15,"ジュ, ゼン, ダ",よわい
應,17,心,p1A,"オウ, ヨウ","あたる, こたえる, まさに"
應,17,心,q25,"オウ, ヨウ","あたる, こたえる, まさに"
懣,18,心,s14,"マン, モン",もだえる
懴,18,心,q30,"サン, ザン",くいる
懶,19,心,s14,"ライ, ラン","おこたる, ものうい"
懷,19,心,p9,"エ, カイ","いだく, おもう, なつかしい, なつかしむ, なつく, なつける, ふところ"
懺,20,心,q30,"サン, ザン",くいる
懽,20,心,pE,カン,よろこぶ
懾,21,心,r16,ショウ,おそれる
懼,21,心,q7,ク,おそれる
懿,22,心,q4,イ,よい
戀,23,心,q17,レン,"こう, こい, こいしい"
艾,5,艸,q9,"カイ, ゲイ","おさめる, かる, もぐさ, よもぎ"
艸,6,艸,s19,ソウ,くさ
芍,6,艸,r10,シャク,
芒,6,艸,p17,"コウ, ボウ, モウ","すすき, のぎ, のげ"
芫,7,艸,pD,"ガン, ゲン",
芟,7,艸,p1F,"サン, セン",かる
芬,7,艸,pC,フン,"かおり, こうばしい"
苒,8,艸,s28,ゼン,
苡,8,艸,s4,"イ, シ, ワ",くさ
苳,8,艸,p2,トウ,ふき
茉,8,艸,r7,"バツ, マ, マツ",
苜,8,艸,r1,"ボク, モク",
苻,8,艸,p7,フ,
苣,8,艸,s6,キョ,ちしゃ
范,8,艸,s29,ハン,いがた
苞,8,艸,p13,"ヒョウ, ホウ",つと
苙,8,艸,r14,"キュウ, リュウ",
苟,8,艸,s25,"ク, コウ",いやしくも
苹,8,艸,p18,"ビョウ, ヘイ, ホウ",ほ
茆,8,艸,p13,"エン, ボウ","かや, その, ぬなわ"
茆,8,艸,s18,"エン, ボウ","かや, その, ぬなわ"
苴,8,艸,p6,"サ, シャ, ショ, ソ","あさ, つと"
苴,8,艸,p16,"サ, シャ, ショ, ソ","あさ, つと"
苴,8,艸,s6,"サ, シャ, ショ, ソ","あさ, つと"
苺,8,艸,pA,"バイ, マイ",いちご
茴,9,艸,pA,"ウイ, カイ",
茯,9,艸,r1,"ヒ, ビ, フク, ブク",
茱,9,艸,p7,シュ,
荀,9,艸,pB,"シュン, ジュン",
荅,9,艸,r15,トウ,"あずき, こたえる"
茲,9,艸,p4,"シ, ジ","ここに, しげる"
茹,9,艸,p6,"ジョ, ニョ","うでる, ゆでる"
茹,9,艸,s6,"ジョ, ニョ","うでる, ゆでる"
茵,9,艸,pB,イン,しとね
荐,9,艸,q17,セン,しきりに
茗,9,艸,s24,"ミョウ, メイ",ちゃ
茘,9,艸,q8,"リ, レイ, レン",おおにら
茫,9,艸,p17,ボウ,とおい
莽,9,艸,s7,"ボウ, モウ",くさ
茖,9,艸,r10,カク,
莵,10,艸,p7,"ツ, ト",うさぎ
莵,10,艸,q7,"ツ, ト",うさぎ
莓,10,艸,pA,"バイ, マイ",いちご
莚,10,艸,p11,エン,むしろ
莚,10,艸,q17,エン,むしろ
莢,10,艸,r16,キョウ,さや
莪,10,艸,p15,ガ,
莟,10,艸,s27,"カン, ガン",つぼみ
莎,10,艸,p15,"サ, シャ",はますげ
莎,10,艸,p16,"サ, シャ",はますげ
莅,10,艸,q4,"リ, レイ","つく, のぞむ, るい"
芻,10,艸,p7,"シュウ, ス, スウ",まぐさ
芻,10,艸,p1B,"シュウ, ス, スウ",まぐさ
茣,10,艸,p7,ゴ,
莨,10,艸,p17,ロウ,たばこ
荳,10,艸,q26,"ズ, トウ",まめ
莠,10,艸,s25,ユウ,はぐさ
荼,10,艸,p7,"ズ, タ, ダ, ト",にがな
荼,10,艸,p16,"ズ, タ, ダ, ト",にがな
荵,10,艸,s11,"ジン, ニン",しのぶ
莉,10,艸,q4,"ライ, リ, レイ",
莖,10,艸,p18,"キョウ, ケイ",くき
莇,10,艸,q6,ジョ,あさがら
莊,10,艸,p17,"ショウ, ソウ, チャン","おごそか, ほうき"
萠,11,艸,p18,ホウ,"きざし, きざす, めばえ, もえる"
菽,11,艸,r1,シュク,まめ
菠,11,艸,p15,"ハ, ホ",ほうれんそう
菎,11,艸,pD,コン,
菎,11,艸,s13,コン,
菴,11,艸,p1D,アン,"いお, いおり"
菲,11,艸,p5,ヒ,うすい
菲,11,艸,s5,ヒ,うすい
萃,11,艸,q4,"サイ, スイ",あつまる
萍,11,艸,p19,"ヒョウ, ヘイ",うきくさ
菫,11,艸,pC,キン,すみれ
菫,11,艸,s12,キン,すみれ
菁,11,艸,p18,"ショウ, セイ",
菘,11,艸,p1,"シュウ, スウ",
萓,11,艸,p4,ギ,
萋,11,艸,p8,"サイ, セイ",
菷,11,艸,s25,"シュウ, ソウ",ほうき
萇,11,艸,p17,チョウ,
菻,11,艸,s26,リン,
葢,12,艸,q9,"カイ, ガイ, コウ","おおう, かこう, かさ, けだし, ふた"
萼,12,艸,r10,ガク,うてな
葩,12,艸,p16,ハ,はな
葷,12,艸,pC,クン,
萸,12,艸,p7,ユ,
萵,12,艸,p15,ワ,
葯,12,艸,r10,ヤク,
葭,12,艸,p16,カ,"あし, よし"
葆,12,艸,s19,"ホ, ホウ",しげる
蒂,12,艸,q8,"タイ, テイ",へた
葫,12,艸,p7,コ,
萬,12,艸,q14,"バン, マン",よろず
葹,12,艸,p4,シ,おなもみ
葮,12,艸,q15,"タン, ダン",むくげ
萪,12,艸,p15,カ,
蒭,13,艸,p7,"シュウ, ス, スウ",まぐさ
蒭,13,艸,p1B,"シュウ, ス, スウ",まぐさ
蒿,13,艸,p14,コウ,よもぎ
蒟,13,艸,s7,"ク, コン",
蓖,13,艸,p4,"ヒ, ヘイ",
蓖,13,艸,q4,"ヒ, ヘイ",
蒡,13,艸,s22,"ホウ, ボウ",
蓍,13,艸,p4,シ,めどぎ
蓆,13,艸,r11,セキ,むしろ
蒹,13,艸,p1E,ケン,おぎ
蓁,13,艸,pB,シン,
蓐,13,艸,r2,"ジョク, ニク",しとね
蒻,13,艸,r10,"ジャク, ニャク",
蓊,13,艸,p1,オウ,とう
蓊,13,艸,s1,オウ,とう
蓚,13,艸,p12,シュウ,
蓚,13,艸,r12,シュウ,
蓼,14,艸,s17,"シン, リク, リョウ",たで
蔗,14,艸,q22,"シャ, ショ",さとうきび
蔔,14,艸,r1,"フク, ホク",
蔡,14,艸,q9,サイ,
蔘,14,艸,p1C,"サン, シン",
蔟,14,艸,q26,"ソウ, ゾク",まぶし
蓴,14,艸,pB,シュン,ぬなわ
蓿,14,艸,r1,シュク,
蔕,14,艸,q8,"タイ, テイ",へた
蔆,14,艸,p1A,リョウ,ひし
蕋,15,艸,s4,ズイ,しべ
蔬,15,艸,p6,"ショ, ソ",あおもの
蕘,15,艸,p12,ジョウ,"きこり, たきぎ"
蕕,15,艸,p1B,"ユ, ユウ",
蕁,15,艸,p1D,"ジン, タン",
蕈,15,艸,s26,"シン, ジン","きのこ, たけ"
蕀,15,艸,r13,キョク,
蕚,16,艸,r10,ガク,うてな
蕣,16,艸,q12,シュン,"あさがお, むくげ"
薊,16,艸,q8,"カイ, キ, ケ, ケイ","あざみ, さく, とげ"
蕷,16,艸,q6,ヨ,いも
蕾,16,艸,s10,ライ,つぼみ
薔,16,艸,p17,"ショウ, ショク, ソウ, バ",みずたで
薔,16,艸,r13,"ショウ, ショク, ソウ, バ",みずたで
薨,16,艸,p18,コウ,"こうじる, みまかる"
薨,16,艸,p1A,コウ,"こうじる, みまかる"
薀,16,艸,s12,"ウン, オン","たくわえる, つむ"
薑,16,艸,p17,"キョウ, コウ",はじかみ
薜,16,艸,q8,ヘイ,
薛,16,艸,r9,セツ,
薈,16,艸,q9,"カイ, ワイ",
薇,16,艸,p5,"ビ, ラ",ぜんまい
薐,16,艸,p1A,ロウ,ほうれんそう
薤,16,艸,q10,カイ,"にら, らっきょう"
蕭,16,艸,p12,ショウ,よもぎ
藉,17,艸,q22,"シャ, ジャク, セキ","かりる, ふむ"
薹,17,艸,pA,タイ,"あぶらな, とう"
薺,17,艸,p4,"ザイ, セイ","ととのえる, なずな, ひと"
薺,17,艸,s8,"ザイ, セイ","ととのえる, なずな, ひと"
藐,17,艸,s17,"バク, ビョウ","かろんじる, とおい"
藪,18,艸,s25,ソウ,やぶ
藕,18,艸,s25,"グ, グウ, ゴウ",はすのね
藜,18,艸,p8,レイ,あかざ
藝,18,艸,q8,"ウン, ゲイ","うえる, のり, わざ"
藥,18,艸,r3,ヤク,くすり
藏,18,艸,p17,"ソウ, ゾウ","おさめる, かくれる, くら"
藏,18,艸,q23,"ソウ, ゾウ","おさめる, かくれる, くら"
蘂,19,艸,s4,ズイ,しべ
蘊,19,艸,pD,ウン,つむ
蘊,19,艸,s12,ウン,つむ
藾,19,艸,q9,ライ,
蘢,19,艸,p1,ロウ,
蘢,19,艸,p2,ロウ,
藺,19,艸,q12,リン,い
藹,19,艸,q9,アイ,
蘋,19,艸,pB,ヒン,うきくさ
蘆,19,艸,p7,ロ,"あし, よし"
蘓,19,艸,p7,"ス, ソ",よみがえる
蘗,20,艸,r11,"ハク, ビャク","きはだ, きわだ"
蘖,20,艸,r7,ゲツ,ひこばえ
蘚,20,艸,s16,セン,こけ
蘯,20,艸,s22,トウ,"あらう, うごく, とろかす"
蘿,22,艸,p15,ラ,つた
炙,8,火,q22,"シャ, セキ",あぶる
炒,8,火,s18,"ショウ, ソウ","いる, いためる"
炸,9,火,r17,"サ, サク, タク",
炮,9,火,p13,ホウ,あぶる
炮,9,火,q19,ホウ,あぶる
炬,9,火,s6,"キョ, コ",
炳,9,火,s23,ヘイ,あきらか
炯,9,火,s24,"キョウ, ケイ",あきらか
烟,10,火,p11,エン,"けむい, けむる, けむり"
烋,10,火,p13,"キュウ, キョウ, コウ",
烝,10,火,p1A,"ショウ, ジョウ","むす, もろもろ"
烝,10,火,q25,"ショウ, ジョウ","むす, もろもろ"
烙,10,火,r10,"カク, ラク",やく
烱,11,火,s23,"キョウ, ケイ",あきらか
焉,11,火,p11,エン,"いずくんぞ, ここに, これ"
烽,11,火,p1,ホウ,"とぶひ, のろし"
烽,11,火,p2,ホウ,"とぶひ, のろし"
焜,12,火,pD,コン,かがやく
焜,12,火,s13,コン,かがやく
焙,12,火,q11,"ハイ, ホウ","あぶる, ほうじる"
煥,13,火,q15,カン,あきらか
煢,13,火,p18,ケイ,ひとりもの
煌,13,火,p17,コウ,"かがやく, きらめく, きらめく"
煬,13,火,p17,ヨウ,"あぶる, やく"
煬,13,火,q23,ヨウ,"あぶる, やく"
煖,13,火,s14,"カン, ケン, ダン, ナン","あたたか, あたためる"
煦,13,火,s7,ク,あたためる
熄,14,火,r13,ソク,"きえる, やむ"
煕,13,火,p4,キ,"あきらか, かわく, たのしむ, ひかる, ひろい, ひろまる, ひろめる, よろこぶ"
熏,14,火,pC,クン,"いぶす, いぶる, くすぶる, くすべる, くゆらす, ふすべる"
熨,15,火,q5,"イ, ウツ","おさえる, のす, のし, ひのし"
熙,15,火,p4,キ,"あきらか, かわく, たのしむ, ひかる, ひろい, ひろまる, ひろめる, よろこぶ"
熈,15,火,p4,キ,"あきらか, かわく, たのしむ, ひかる, ひろい, ひろまる, ひろめる, よろこぶ"
熬,15,火,p14,ゴウ,いる
熹,16,火,p4,キ,"あかるい, あぶる"
熾,16,火,q4,シ,"おこす, おこる, さかん"
燉,16,火,pD,トン,
燔,16,火,pD,ハン,やく
燗,16,火,q15,"カン, ラン",かんする
燎,16,火,p12,リョウ,かがりび
燎,16,火,s17,リョウ,かがりび
燒,16,火,p12,ショウ,"やく, やける"
燒,16,火,q18,ショウ,"やく, やける"
燧,17,火,q4,スイ,"のろし, ひうち, ひきり"
燠,17,火,s19,"イク, ウ, オウ","あたたかい, おき"
燬,17,火,s4,キ,やく
燹,18,火,s16,セン,のび
燿,18,火,q18,ヨウ,"かがやく, ひかり"
燼,18,火,q12,ジン,もえのこり
燻,18,火,pC,クン,"いぶす, いぶる, くすぶる, くすべる, くゆらす, ふすべる"
爍,19,火,r10,シャク,"とかす, ひかる"
爐,20,火,p7,ロ,いろり
爛,21,火,q15,ラン,ただれる
爨,29,火,q15,サン,"かしぐ, かまど"
气,4,气,q5,"キ, ケ",いき
氛,8,气,pC,フン,
氣,10,气,q5,"キ, ケ",いき
氤,10,气,pB,イン,
朮,5,木,r4,"シュツ, ジュツ, チュツ","おけら, もちあわ"
朿,6,木,q4,シ,とげ
朸,6,木,r13,リョク,"おうご, おおご"
朶,6,木,s20,"タ, ダ",えだ
朷,6,木,p12,トウ,
朷,6,木,p14,トウ,
朷,6,木,r1,トウ,
杙,7,木,r13,ヨク,くい
杠,7,木,p3,コウ,"ちぎり, てこ"
杞,7,木,s4,"キ, コ",
杆,7,木,pE,カン,てこ
杆,7,木,q15,カン,てこ
杲,8,木,s19,コウ,"あきらか, たかい"
杳,8,木,s17,ヨウ,"くらい, はるか"
枌,8,木,pC,"ショウ, フン","そぎ, まつ"
枉,8,木,s22,オウ,"まがる, まげて, まげる"
枋,8,木,p17,"ヘイ, ホウ",ほ
杪,8,木,s17,"ショウ, ビョウ",こずえ
杼,8,木,s6,"ショ, チョ","どんぐり, ひ"
枅,8,木,p8,ケイ,ひじき
枅,8,木,p11,ケイ,ひじき
杰,8,木,r9,"ケツ, ゲチ",すぐれる
枩,8,木,p2,ショウ,まつ
枦,8,木,p7,ロ,はぜ
枴,9,木,s9,カイ,つえ
柯,9,木,p15,カ,"え, ふる"
枷,9,木,p15,カ,"かせ, からざお"
枷,9,木,p16,カ,"かせ, からざお"
柤,9,木,p16,サ,そ
柞,9,木,r10,サク,ははそ
柩,9,木,q26,"キュウ, グ","ひちぎ, ひつぎ"
柮,9,木,r6,トツ,
柬,9,木,s15,"カン, ケン",えらぶ
枳,9,木,s4,"キ, シ",からたち
柢,9,木,p8,テイ,ね
柢,9,木,s8,テイ,ね
柎,9,木,p7,フ,うてな
柝,9,木,r10,タク,ひょうしぎ
枹,9,木,p7,"フ, ホウ","ならのき, ばち, ほ, もみじ"
枹,9,木,p13,"フ, ホウ","ならのき, ばち, ほ, もみじ"
枹,9,木,p1B,"フ, ホウ","ならのき, ばち, ほ, もみじ"
枸,9,木,p7,"ク, コウ",
枸,9,木,p1B,"ク, コウ",
枸,9,木,s7,"ク, コウ",
柆,9,木,r15,ロウ,
栩,10,木,s7,ク,くぬぎ
栞,10,木,pE,カン,しおり
桙,10,木,p7,ウ,ほこ
框,10,木,p17,キョウ,かまち
桎,10,木,r4,シツ,あしかせ
栲,10,木,s19,コウ,"かえ, たえ"
栫,10,木,q17,"セン, ソン",
桍,10,木,p7,コ,
柧,10,木,p7,"カ, コ",く
档,10,木,s22,トウ,
桿,11,木,pE,カン,てこ
桿,11,木,q15,カン,てこ
桀,11,木,r9,ケツ,"はりつけ, ます"
梳,11,木,p6,ソ,"くしけずる, けずる, すく, とかす, とく"
桷,11,木,r3,カク,たるき
梭,11,木,p15,サ,ひ
梔,11,木,p4,シ,くちなし
梵,11,木,q30,"フウ, ボン",
桴,11,木,p7,フ,"いかだ, ばち"
桴,11,木,p1B,フ,"いかだ, ばち"
梟,11,木,p12,キョウ,ふくろう
梠,11,木,s6,"リョ, ロ",ひさし
梏,11,木,r2,"カク, コク",てかせ
梛,11,木,p15,"ダ, ナ",なぎ
梃,11,木,s24,"チョウ, テイ","つえ, てこ"
條,11,木,p12,"ジョウ, チョウ, デキ","えだ, すじ"
梹,11,木,pB,ヒン,
梍,11,木,s19,ユウ,
桾,11,木,pC,クン,
桾,11,木,q13,クン,
棊,12,木,p4,キ,ご
棘,12,木,r13,キョク,"いばら, とげ"
椏,12,木,p16,,また
椁,12,木,r10,カク,
棗,12,木,s19,ソウ,なつめ
棠,12,木,p17,トウ,やまなし
椈,12,木,r1,キク,
椄,12,木,r16,"ショウ, セツ",つぐ
棕,12,木,p1,"シュ, ソウ",
椒,12,木,p12,ショウ,はじかみ
棍,12,木,s13,コン,つえ
棹,12,木,q19,"タク, トウ","こぐ, さお"
棣,12,木,q8,"タイ, テイ",にわざくら
椢,12,木,q11,カイ,"くぬぎ, そこ, はこ"
棔,12,木,pD,コン,ねむのき
棧,12,木,s15,"サン, セン",かけはし
棯,12,木,s26,ネン,
棡,12,木,p17,コウ,
椌,12,木,p3,コウ,
棆,12,木,pB,リン,
椶,13,木,p1,"シュ, ソウ",
楹,13,木,p18,エイ,はしら
椰,13,木,p16,ヤ,やし
楸,13,木,p1B,シュウ,"きささげ, ひさぎ"
楫,13,木,r14,"シュウ, ショウ","かい, かじ"
楮,13,木,s6,チョ,こうぞ
椽,13,木,p11,テン,"えん, たるき"
楔,13,木,r9,"ケツ, セツ","くさび, ほうだて"
楡,13,木,p7,ユ,にれ
楝,13,木,q17,レン,"おうち, おおち"
椹,13,木,p1C,"シン, ジン, チン","あてぎ, くわのみ, さわら"
椹,13,木,s26,"シン, ジン, チン","あてぎ, くわのみ, さわら"
楞,13,木,p1A,"リョウ, ロウ",かど
楙,13,木,q26,ボウ,しげる
楴,13,木,q4,テイ,
楜,13,木,p7,コ,
楪,13,木,r16,チャ,
槓,14,木,p3,コウ,てこ
槁,14,木,s19,コウ,かれる
槎,14,木,p16,サ,"いかだ, きる"
榻,14,木,r15,トウ,"こしかけ, しじ"
槐,14,木,p9,カイ,えんじゅ
槐,14,木,pA,カイ,えんじゅ
榧,14,木,s5,ヒ,かや
榾,14,木,r6,コツ,ほた
榴,14,木,p1B,"リュウ, リョウ, ル",ざくろ
榑,14,木,p7,フ,くれ
榑,14,木,q7,フ,くれ
榜,14,木,p18,"ホウ, ボウ","かじ, たてふだ, ふだ"
榜,14,木,s22,"ホウ, ボウ","かじ, たてふだ, ふだ"
槊,14,木,r3,サク,ほこ
榕,14,木,p2,ヨウ,あこう
槃,14,木,pE,ハン,たらい
榱,14,木,p4,スイ,たるき
槇,14,木,pB,"シン, テン","こずえ, まき"
槇,14,木,p11,"シン, テン","こずえ, まき"
槇,14,木,s11,"シン, テン","こずえ, まき"
榮,14,木,p18,"エイ, ヨウ","え, さかえる, はえる"
榿,14,木,p4,"カイ, ガイ",
榠,14,木,p19,ベイ,
榠,14,木,s24,ベイ,
榲,14,木,r6,オツ,
槹,15,木,p14,コウ,
槲,15,木,r1,コク,かしわ
槭,15,木,r1,"シュク, セキ",かえで
樊,15,木,pD,ハン,まがき
槧,15,木,p1E,"サン, ザン, セン",ふだ
槧,15,木,s27,"サン, ザン, セン",ふだ
槿,15,木,s12,キン,むくげ
樅,15,木,p2,ショウ,もみ
樅,15,木,p3,ショウ,もみ
樛,15,木,p1B,キュウ,"つが, まとう"
樔,15,木,p13,ソウ,"す, すくう, たえる"
樒,15,木,r4,ミツ,"しきみ, じんこう"
槨,15,木,r10,カク,
樂,15,木,q19,"ガク, ゴウ, ラク","このむ, たのしい, たのしむ"
樞,15,木,p7,"シュ, スウ","からくり, とぼそ"
槫,15,木,pE,"セン, タン",
槫,15,木,p11,"セン, タン",
樣,15,木,q23,"ショウ, ヨウ",さま
樓,15,木,p1B,ロウ,たかどの
樌,15,木,q15,カン,
樢,15,木,q18,"チョウ, ト",つた
橢,16,木,s20,ダ,
橄,16,木,s27,カン,
橙,16,木,p18,トウ,だいだい
橙,16,木,q25,トウ,だいだい
樸,16,木,r1,"ハク, ホク, ボク","きじ, こはだ"
橇,16,木,p12,"キョウ, セイ, ゼイ","かんじき, そり"
橇,16,木,r9,"キョウ, セイ, ゼイ","かんじき, そり"
橦,16,木,p1,"シュ, ショウ, トウ",
橦,16,木,p2,"シュ, ショウ, トウ",
橦,16,木,p3,"シュ, ショウ, トウ",
橈,16,木,p12,"ジョウ, ドウ, ニョウ","かい, かじ, たわむ, たわめる"
橈,16,木,q19,"ジョウ, ドウ, ニョウ","かい, かじ, たわむ, たわめる"
檠,16,木,p18,ケイ,ゆだめ
檠,16,木,s23,ケイ,ゆだめ
樶,16,木,pA,サイ,ふし
檜,17,木,q9,カイ,"ひ, ひのき"
檣,17,木,p17,ショウ,ほばしら
檐,17,木,p1E,"エン, タン","のき, ひさし"
檄,17,木,r12,ケキ,"げきする, ふれぶみ"
檗,17,木,r11,"ハク, ビャク","きはだ, きわだ"
檬,17,木,p1,モウ,
檍,17,木,q4,オク,い
檢,17,木,s28,ケン,しらべる
檮,18,木,p14,トウ,
櫁,18,木,r4,ミツ,"しきみ, じんこう"
檸,18,木,p18,"ドウ, ネイ",
檸,18,木,s6,"ドウ, ネイ",
櫃,18,木,q4,キ,ひつ
櫂,18,木,q19,"タク, トウ","かい, かじ"
檳,18,木,pB,"ヒン, ビン",
櫟,19,木,r12,"ヤク, レキ, ロウ",くぬぎ
檻,19,木,s29,カン,"おばしま, おり, てすり"
櫚,19,木,p6,"リョ, ロ",
櫞,19,木,p11,エン,
櫑,19,木,pA,ライ,さかだる
櫑,19,木,s10,ライ,さかだる
櫪,20,木,r12,レキ,"かいばおけ, くぬぎ"
欅,21,木,s6,キョ,けやき
櫺,21,木,p19,"リョウ, レイ",れんじ
櫻,21,木,p18,"オウ, ヨウ",さくら
權,21,木,p11,"ケン, ゴン","おもり, かり, はかる"
欒,23,木,pE,ラン,"おうち, ひじき, まどか, まるい"
欖,26,木,s27,ラン,
歸,18,止,p5,キ,"おくる, かえす, かえる, とつぐ"
旱,7,日,s14,カン,ひでり
昊,8,日,s19,コウ,そら
昃,8,日,r13,"ショク, ソク",かたむく
旻,8,日,pB,"ビン, ミン",あきぞら
昜,9,日,p17,ヨウ,
昴,9,日,s18,"コウ, ボウ",すばる
昶,9,日,s22,チョウ,
昵,9,日,r4,"ショク, ジツ",ちかづく
昿,9,日,q23,コウ,"あきらか, むなしい"
晟,10,日,p18,"ジョウ, セイ",あきらか
晟,10,日,q24,"ジョウ, セイ",あきらか
晁,10,日,p12,チョウ,あさ
晏,10,日,q15,アン,おそい
晄,10,日,s22,コウ,あきらか
晉,10,日,q12,シン,すすむ
晞,11,日,p5,キ,かわく
晤,11,日,q7,ゴ,あきらか
晧,11,日,s19,コウ,
晨,11,日,pB,シン,"あさ, あした, とき"
晢,11,日,q8,"セイ, セツ",あきらか
晝,11,日,q26,チュウ,ひる
晰,12,日,r12,"シャク, セキ",あきらか
暎,12,日,q24,"エイ, ヨウ","うつす, うつる, はえる"
暈,13,日,q13,ウン,"かさ, くま, ぼかす, ぼかし, ぼける, めまい"
暉,13,日,p5,キ,かがやく
暘,13,日,p17,ヨウ,
暄,13,日,pD,ケン,あたたかい
曄,14,日,r16,ヨウ,かがやく
暝,14,日,p19,"ミョウ, メイ",くらい
暝,14,日,q25,"ミョウ, メイ",くらい
暾,16,日,pD,トン,あさひ
暹,16,日,p1E,セン,
曁,16,日,q4,キ,およぶ
曉,16,日,s17,"キョウ, ギョウ","あかつき, さとる"
暸,16,日,p12,リョウ,あきらか
暼,16,日,r9,"ヘチ, ヘツ",
曚,17,日,p1,"ボウ, モウ",くらい
曚,17,日,s1,"ボウ, モウ",くらい
曠,19,日,q23,コウ,"あきらか, むなしい"
曦,20,日,p4,"キ, ギ",
曩,21,日,s22,"ドウ, ノウ",さきに
欸,11,欠,pA,"アイ, カイ",
欸,11,欠,s10,"アイ, カイ",
欷,11,欠,p5,キ,なげく
欷,11,欠,q5,キ,なげく
欹,12,欠,p4,"イ, キ","そばだつ, そばだてる"
歇,13,欠,r6,"カイ, カツ, ケツ",やめる
歃,13,欠,r17,"コウ, ショウ, ソウ",すする
歉,14,欠,s28,"カン, ケン",あきたりない
歐,15,欠,p1B,オウ,"うたう, はく"
歐,15,欠,s25,オウ,"うたう, はく"
歔,16,欠,p6,キョ,すすりなく
歙,16,欠,r14,"キュウ, キョウ, ショウ",すう
歟,17,欠,p6,ヨ,"か, や"
歟,17,欠,s6,ヨ,"か, や"
歛,17,欠,p1D,レン,
歛,17,欠,q28,レン,
歡,21,欠,pE,カン,よろこぶ
牴,9,牛,s8,テイ,ふれる
牾,11,牛,p7,ゴ,
犁,11,牛,p4,"リ, リュウ, レイ",すき
犁,11,牛,p8,"リ, リュウ, レイ",すき
犂,12,牛,p4,"リ, リュウ, レイ",すき
犂,12,牛,p8,"リ, リュウ, レイ",すき
犇,12,牛,pD,ホン,"はしる, ひしめく, ひしひし"
犇,12,牛,q14,ホン,"はしる, ひしめく, ひしひし"
犒,14,牛,q20,コウ,ねぎらう
犖,14,牛,r3,ラク,まだらうし
犢,19,牛,r1,トク,こうし
犧,20,牛,p4,"キ, ギ",いけにえ
犧,20,牛,p15,"キ, ギ",いけにえ
攵,4,攵,r3,ホク,
攴,4,攵,r1,ホク,
攷,6,攵,s19,コウ,かんがえる
收,6,攵,p1B,シュウ,"おさまる, おさめる"
收,6,攵,q26,シュウ,"おさまる, おさめる"
攸,7,攵,p1B,ユウ,ところ
畋,9,攵,p11,"テン, デン",かり
效,10,攵,q19,コウ,"きく, ききめ, ならう"
敖,11,攵,p14,ゴウ,"あそぶ, おごる"
敕,11,攵,r13,チョク,"いましめる, みことのり"
敍,11,攵,s6,ジョ,"ついず, ついで"
敘,11,攵,s6,ジョ,"ついず, ついで"
敞,12,攵,s22,ショウ,"たかい, ひろい, ほがらか"
敝,12,攵,q8,ヘイ,やぶれる
敲,14,攵,p13,コウ,たたく
敲,14,攵,q19,コウ,たたく
數,15,攵,s7,"サク, シュ, ス, スウ, ソク","かず, かぞえる, しばしば, せめる, わずらわしい"
斂,17,攵,s28,レン,おさめる
斃,18,攵,q8,ヘイ,"たおす, たおれる"
變,23,攵,q17,ヘン,"かえる, かわる"
扁,9,戸,p11,ヘン,ひらたい
扁,9,戸,s16,ヘン,ひらたい
扈,11,戸,s7,コ,したがう
曰,4,曰,r6,エツ,"いわく, ここに, のたまう, のたまわく"
曵,7,曰,q8,エイ,ひく
曷,9,曰,r7,カツ,"いずくんぞ, いつ, なに, なんぞ"
曼,11,曰,pE,"バン, マン",ながい
曼,11,曰,q14,"バン, マン",ながい
會,13,曰,q9,"エ, カイ","あう, あわせる, あつまる"
斫,9,斤,r10,シャク,きる
斷,18,斤,s14,ダン,"ことわる, さだめる, たつ"
朏,9,月,s5,"ハイ, ヒ",
朖,11,月,s22,ロウ,"あきらか, ほがらか"
朞,12,月,p4,"キ, ゴ",
朦,17,月,p1,"ボウ, モウ",おぼろ
朧,20,月,p1,ロウ,おぼろ
毋,4,母,p7,"ブ, ム","ない, なかれ, はは, ぼ"
毓,14,母,r1,イク,"そだつ, そだてる, はぐくむ"
旃,10,方,p11,セン,はた
旆,10,方,q9,ハイ,はた
旁,10,方,p17,"ホウ, ボウ","かたがた, かたわら, つくり"
旁,10,方,q23,"ホウ, ボウ","かたがた, かたわら, つくり"
旄,10,方,p14,"ボウ, モウ",
旄,10,方,q20,"ボウ, モウ",
旌,11,方,p18,"ショウ, セイ","あらわす, はた"
旒,13,方,p1B,リュウ,はたあし
旙,16,方,pD,"ハン, ヘン",はた
旛,18,方,pD,"ハン, ヘン",はた
毬,11,毛,p1B,キュウ,"いが, まり"
毫,11,毛,p14,"コウ, ゴウ","ごうも, すこし"
毯,12,毛,s27,タン,
毳,12,毛,q8,"セイ, セツ, ゼイ","けば, むくげ"
氈,17,毛,p11,セン,もうせん
歹,4,歹,s10,"ガチ, ガツ, タイ",
歿,8,歹,r6,ボツ,しぬ
殀,8,歹,s19,ヨウ,わかじに
殃,9,歹,p17,"オウ, ヨウ",わざわい
殄,9,歹,s16,テン,"たつ, つきる, つくす"
殍,11,歹,p7,"ヒョウ, フ",うえじに
殍,11,歹,s17,"ヒョウ, フ",うえじに
殘,12,歹,pE,ザン,"そこなう, のこす, のこり, のこる"
殕,12,歹,s7,フ,ねる
殞,14,歹,s11,"イン, ウン","おちる, しぬ"
殤,15,歹,p17,ショウ,わかじに
殫,16,歹,pE,タン,つきる
殪,16,歹,q8,エイ,たおす
殯,18,歹,q12,ヒン,かりもがり
殱,19,歹,p1E,セン,"つくす, ほろぼす"
殲,21,歹,p1E,セン,"つくす, ほろぼす"
殳,4,殳,p7,シュ,"ほこ, また"
殷,10,殳,pB,"アン, イン",さかん
殷,10,殳,pC,"アン, イン",さかん
殷,10,殳,s12,"アン, イン",さかん
殼,12,殳,r3,"カク, コク, バイ",から
毆,15,殳,s25,"オウ, ク","たたく, なぐる"
氓,8,氏,p18,ボウ,たみ
戈,4,戈,p15,カ,"ほこ, ほこづくり"
戉,5,戈,r6,"エツ, ジュウ","えびす, まさかり"
戍,6,戈,q7,"シュ, ジュ","まもる, まもり"
戌,6,戈,r4,ジュツ,いぬ
戔,8,戈,p11,"サン, セン",
戛,11,戈,r8,カツ,ほこ
戝,11,戈,r13,"サイ, ザイ, ゾク",
戞,12,戈,r8,カツ,ほこ
戡,13,戈,p1D,"カン, チン","かつ, さす"
截,14,戈,r9,"サイ, セツ","きる, たつ"
戮,15,戈,r1,"キョウ, ク, リク, リュウ, ロク","けずる, ころす"
戰,16,戈,q17,セン,"いくさ, おののく, そよぐ, たたかう"
戲,17,戈,p4,"ギ, ゲ","たわむれ, たわむれる"
戲,17,戈,q4,"ギ, ゲ","たわむれ, たわむれる"
戳,18,戈,r3,タク,
斛,11,斗,r1,コク,と
斟,13,斗,p1C,シン,くむ
牋,12,片,p11,セン,
牘,19,片,r1,トク,"かきもの, ふだ"
爬,8,爪,p16,ハ,"かく, はう"
爭,8,爪,p18,ソウ,"あらそう, いかでか"
爰,9,爪,pD,エン,ここに
爲,12,爪,p4,イ,"する, ため, たり, つくる, なす, なる, なり"
爻,4,爻,p13,"ギョウ, コウ",まじわる
爼,9,爻,s6,"ショ, ソ",まないた
爿,4,爿,p17,"ショウ, ソウ",
牀,8,爿,p17,"ショウ, ソウ",ゆか
牆,17,爿,p17,ショウ,かき
珈,9,王,p16,カ,かみかざり
珀,9,王,r11,ハク,
玻,9,王,p15,ハ,
玳,9,王,q11,タイ,たいまい
珎,9,王,pB,チン,"たから, めずらしい"
珮,10,王,q11,ハイ,おびだま
珥,10,王,s4,ジ,みみだま
珞,10,王,r10,ラク,
珱,10,王,p18,"エイ, ヨウ",
琅,11,王,p17,ロウ,
珸,11,王,p7,ゴ,
琥,12,王,s7,コ,
琲,12,王,s10,ハイ,つらぬく
瑟,13,王,q4,シツ,おおごと
瑙,13,王,s19,ノウ,
瑁,13,王,q11,"バイ, ボウ, マイ, モウ",
瑕,13,王,p16,カ,"あら, きず, なんぞ"
瑜,13,王,p7,ユ,
瑶,13,王,p12,ヨウ,たま
琿,13,王,pD,コン,
瑯,14,王,p17,ロウ,
瑣,14,王,s20,サ,"くさり, ちいさい"
瑪,14,王,s21,"バ, メ",
瑰,14,王,pA,カイ,"たま, めずらしい"
瑤,14,王,p12,ヨウ,たま
瑩,15,王,p18,エイ,
瑩,15,王,s24,エイ,
璋,15,王,p17,ショウ,
瑾,15,王,s12,キン,
璢,16,王,p1B,"リュウ, ル",
璞,16,王,r3,ハク,あらたま
瓊,18,王,p18,ケイ,たま
瓏,20,王,p1,ロウ,
瓔,21,王,p18,"エイ, ヨウ",
祀,8,示,s4,シ,"まつる, まつり"
祗,10,示,p4,シ,"つつしむ, まさに"
祗,10,示,r4,シ,"つつしむ, まさに"
祠,10,示,p4,シ,"ほこら, まつる"
祚,10,示,q7,ソ,"くらい, さいわい"
祓,9,示,r5,"ハイ, フツ",はらう
祟,10,示,q4,スイ,"たたり, たたる"
祕,10,示,q4,ヒ,"かくす, ひめる"
禀,13,示,s26,"ヒン, リン",こめぐら
祺,13,示,p4,キ,"さいわい, やすい"
祿,13,示,r1,ロク,"さいわい, ふち"
禊,14,示,q8,"カツ, ケイ","はらう, みそぎ"
禝,15,示,r13,ショク,きび
禧,17,示,p4,キ,さいわい
齋,17,示,p9,サイ,"つつしむ, とき, ものいみ"
禪,17,示,p11,"セン, ゼン","しずか, ゆずる"
禪,17,示,q17,"セン, ゼン","しずか, ゆずる"
禮,18,示,s8,"ライ, レイ",
禳,22,示,p17,ジョウ,はらう
无,4,无,p7,"ブ, ム","ない, なし"
旡,5,无,q5,"キ, ケ","なし, む"
耆,10,耂,p4,"キ, シ",おいる
耄,10,耂,q20,"ボウ, モウ",おいぼれる
耋,12,耂,r9,テツ,としより
肛,7,肉,p3,コウ,
肚,7,肉,s7,ト,はら
肓,7,肉,p17,コウ,
肭,8,肉,r8,"ジク, トツ",
肬,8,肉,p1B,"ユ, ユウ",いぼ
胙,9,肉,q7,"サク, ソ",ひもろぎ
胝,9,肉,p4,チ,あかぎれ
胛,9,肉,r17,コウ,かいがらぼね
胚,9,肉,pA,ハイ,"はらむ, はらみ"
胥,9,肉,p6,"ショ, ソ","あい, みる, みな"
胄,9,肉,q26,チュウ,"かぶと, ちすじ, よつぎ"
胖,9,肉,pE,ハン,
胖,9,肉,q15,ハン,
脉,9,肉,r11,ミャク,すじ
胱,10,肉,p17,コウ,
胯,10,肉,q7,"カ, コ, コウ",また
胼,10,肉,p11,ヘン,
脣,11,肉,pB,シン,くちびる
脯,11,肉,s7,"フ, ホ","こじし, ほじし"
脛,11,肉,s24,ケイ,"すね, はぎ"
脩,11,肉,p1B,シュウ,"おさめる, ながい, ほじし"
腋,12,肉,r11,"エキ, セキ",わき
脾,12,肉,p4,ヒ,
腓,12,肉,p5,ヒ,"こぶら, こむら, ふくらはぎ"
腆,12,肉,s16,テン,あつい
腑,12,肉,s7,フ,はらわた
腮,13,肉,pA,サイ,"あご, えら"
腴,13,肉,p7,ユ,"あぶら, こえる"
腱,13,肉,q14,"キン, ケン",
腥,13,肉,p19,"ショウ, セイ",なまぐさい
腟,13,肉,r4,チツ,
腦,13,肉,s19,"ドウ, ノウ",のうずる
膃,14,肉,r6,オツ,
膈,14,肉,r11,カク,
膀,14,肉,p17,"ホウ, ボウ",
膂,14,肉,s6,"リョ, ロ",せぼね
膊,14,肉,r10,ハク,ほじし
膣,15,肉,r4,チツ,
膠,15,肉,p13,"キョウ, コウ","にかわ, にべ"
膠,15,肉,q19,"キョウ, コウ","にかわ, にべ"
膕,15,肉,r11,"カク, キョク, コク",ひかがみ
膓,15,肉,p17,チョウ,はらわた
膩,16,肉,q4,"ジ, ニ","あぶら, あぶらあか"
膰,16,肉,pD,ハン,"ひもごり, ひもろぎ"
臈,16,肉,r7,ロウ,
臀,17,肉,pD,"デン, トン",しり
臂,17,肉,q4,ヒ,ひじ
膺,17,肉,p1A,"オウ, ヨウ",むね
膾,17,肉,q9,"カイ, ケ",なます
臉,17,肉,s28,"ケン, セン, レン",
膸,17,肉,s4,ズイ,
膽,17,肉,s27,タン,きも
臑,18,肉,p7,"ジ, ジュ, デイ, ドウ",すね
臑,18,肉,p14,"ジ, ジュ, デイ, ドウ",すね
臍,18,肉,p8,"サイ, セイ","へそ, ほぞ"
臘,19,肉,r15,ロウ,
臙,20,肉,p11,エン,"のど, べに"
臚,20,肉,p6,"リョ, ロ",
臟,22,肉,q23,ゾウ,はらわた
臠,25,肉,s16,レン,きりみ
网,6,网,s22,"ボウ, モウ",あみ
罕,7,网,s14,カン,まれ
罔,8,网,s22,"ボウ, モウ","あみ, しいる, ない"
罘,9,网,p1B,フ,うさぎあみ
罠,10,网,pB,"ビン, ミン","あみ, わな"
罟,10,网,s7,コ,あみ
罧,13,网,p1C,リン,
罧,13,网,q27,リン,
罨,13,网,s28,"アン, エン",あみ
罩,13,网,q19,トウ,こめる
罸,15,网,r6,"ハツ, バチ, バツ",はっする
罹,16,网,p4,"ラ, リ",かかる
羂,18,网,s16,ケン,わな
羃,18,网,r12,ベキ,
羆,19,网,p4,ヒ,"しぐま, ひぐま"
羇,22,网,p4,"キ, ハ","おもがい, たづな, たび, つなぐ"
羈,24,网,p4,"キ, ハ","おもがい, たづな, たび, つなぐ"
穹,8,穴,p1,"キュウ, キョウ","あめ, そら"
穽,9,穴,s23,セイ,おとしあな
窈,10,穴,s17,ヨウ,
窕,11,穴,s17,"チョウ, ヨウ",うつくしい
窖,12,穴,q19,"キョウ, コウ",あなぐら
窘,12,穴,s11,キン,"くるしむ, たしなめる"
窗,12,穴,p3,"ス, ソウ","けむだし, てんまど, まど"
窩,14,穴,p15,"カ, ワ",むろ
窰,15,穴,p12,ヨウ,かま
窶,16,穴,p1B,"ク, ル, ロウ","やつる, やつれる"
窶,16,穴,s7,"ク, ル, ロウ","やつる, やつれる"
窿,16,穴,p1,リュウ,
竅,18,穴,q18,キョウ,あな
竄,18,穴,q15,"サン, ザン","かくれる, のがれる"
竇,20,穴,q26,"トウ, トク",あな
竈,21,穴,q20,ソウ,"かま, かまど, へっつい"
竊,22,穴,r9,セツ,"ぬすむ, ひそかに"
甦,12,生,p7,"コウ, ソ",よみがえる
矼,8,石,p3,コウ,
砒,9,石,p8,"ヒ, ヘイ",
砌,9,石,q8,"サイ, セイ",みぎり
砠,10,石,p6,"ショ, ソ",
硅,11,石,r11,"カク, キャク, ケイ",やぶる
硼,13,石,p18,ホウ,
碌,13,石,r1,ロク,ろくな
碎,13,石,q11,サイ,"くだく, くだける"
碆,13,石,p15,ハ,
碪,14,石,p1C,チン,きぬた
碣,14,石,r6,ケツ,いしぶみ
碯,14,石,s19,ノウ,
磑,15,石,pA,ガイ,うす
磑,15,石,q11,ガイ,うす
磋,15,石,p15,サ,みがく
磋,15,石,q21,サ,みがく
碾,15,石,q17,テン,"うす, ひく"
磅,15,石,p17,"ホウ, ボウ",ぽんど
碼,15,石,s21,"バ, メ","やある, やーど"
磊,15,石,s10,ライ,
磆,15,石,r7,カツ,
磔,16,石,r11,"タク, チャク","さく, はりつけ, ひらく"
磬,16,石,q25,ケイ,
磧,16,石,r11,セキ,かわら
磚,16,石,p11,セン,かわら
磽,17,石,p13,"キョウ, コウ",
磴,17,石,q25,トウ,
礒,18,石,s4,"ガ, ギ","いそ, いわお"
礑,18,石,q23,トウ,"はた, はたと"
礇,18,石,r1,イク,
礪,19,石,q8,レイ,"あらと, みがく"
礙,19,石,q11,"ガイ, ゲ",さまたげる
礫,20,石,r12,レキ,"こいし, つぶて"
礬,20,石,pD,"ハン, バン",
礦,20,石,s23,コウ,あらがね
甼,7,田,p19,チョウ,まち
甼,7,田,s24,チョウ,まち
畄,8,田,p1B,"リュウ, ル","とまる, とめる, とどまる, とどめる, るうぶる"
畍,9,田,q10,カイ,さかい
畊,9,田,p18,"キョウ, コウ",たがやす
畉,9,田,p7,フ,たがやす
畆,9,田,s25,"ホ, ボウ, ム, モ","うね, せ"
畛,10,田,pB,シン,あぜ
畛,10,田,s11,シン,あぜ
畚,10,田,s13,ホン,"ふご, もっこ"
畤,11,田,s4,"シ, ジ",
畧,11,田,r10,リャク,"おかす, おさめる, はかる, はかりごと, はぶく, ほぼ"
畭,12,田,p6,"シャ, ヨ",
畭,12,田,p16,"シャ, ヨ",
畴,12,田,p1B,チュウ,"うね, たぐい, ひとしい"
畫,12,田,q10,"エ, カイ, カク, ガ","えがく, かぎる, かくする, はかる, はかりごと"
畸,13,田,p4,キ,
當,13,田,p17,トウ,"あたる, あてる, まさに"
當,13,田,q23,トウ,"あたる, あてる, まさに"
疂,16,田,r16,"ジョウ, チョウ","かさなる, かさねる, たたむ, たたみ"
疇,19,田,p1B,チュウ,"うね, たぐい, ひとしい"
疆,19,田,p17,キョウ,さかい
疉,22,田,r16,"ジョウ, チョウ","かさなる, たたむ, たたみ"
疊,22,田,r16,"ジョウ, チョウ","かさなる, かさねる, たたむ, たたみ"
皀,7,白,p17,"キュウ, キョウ, コウ, ヒョク",
皀,7,白,r13,"キュウ, キョウ, コウ, ヒョク",
皃,7,白,s19,"バク, ボウ","かたち, かたどる"
皈,9,白,p5,キ,"おくる, かえす, かえる, とつぐ"
皋,10,白,p14,コウ,さつき
皎,11,白,s17,"キョウ, コウ","きよい, しろい"
皓,12,白,s19,コウ,"しろい, ひかる"
皖,12,白,pE,カン,
皖,12,白,s13,カン,
皙,13,白,r12,"シャク, セキ",しろい
皚,15,白,pA,"カイ, ガイ, ギ, ゲ","さむい, しろい"
盻,9,目,s8,ケイ,にらむ
眇,9,目,s17,"ビョウ, ミョウ","すがめ, びょうたる"
眈,9,目,p1D,タン,にらむ
眄,9,目,s16,"ベン, メン",かえりみる
眛,10,目,q9,"バイ, マイ",くらい
眩,10,目,p11,"カン, ゲン","くらむ, くるめく, くれる, げんす, まう, まどう, まばゆい, まぶしい, めまい"
眩,10,目,q17,"カン, ゲン","くらむ, くるめく, くれる, げんす, まう, まどう, まばゆい, まぶしい, めまい"
眞,10,目,pB,シン,"ま, まこと"
眷,11,目,q17,ケン,かえりみる
眥,11,目,q8,"イシ, サイ, シ, セ, セイ","まなじり, めじり"
眦,11,目,q4,"イシ, サイ, シ, セ, セイ","まなじり, めじり"
眸,11,目,p1B,"ボウ, ム",ひとみ
睇,12,目,q8,"ダイ, テイ",
睫,13,目,r16,ショウ,まつげ
睨,13,目,q8,ゲイ,"にらみ, にらむ"
睛,13,目,p18,"ショウ, セイ",ひとみ
睛,13,目,s23,"ショウ, セイ",ひとみ
睚,13,目,p9,ガイ,まなじり
睚,13,目,q10,ガイ,まなじり
睥,13,目,q8,ヘイ,"ながしめ, みる"
睾,14,目,p14,コウ,
睹,14,目,s7,ト,みる
睿,14,目,q8,エイ,あきらか
瞎,15,目,r8,カツ,"かため, めくら"
瞑,15,目,p11,"ベン, ミョウ, ミン, メイ, メン","くらい, つぶる, つむる, めいする"
瞑,15,目,p19,"ベン, ミョウ, ミン, メイ, メン","くらい, つぶる, つむる, めいする"
瞑,15,目,q17,"ベン, ミョウ, ミン, メイ, メン","くらい, つぶる, つむる, めいする"
瞋,15,目,pB,シン,"いかる, いからす"
瞠,16,目,p18,"トウ, ドウ",みはる
瞞,16,目,pE,"バン, ボン, マン, モン",だます
瞰,17,目,q28,カン,みる
瞶,17,目,q4,キ,
瞼,18,目,s28,ケン,まぶた
瞿,18,目,p7,ク,"おそれる, みる"
瞿,18,目,q7,ク,"おそれる, みる"
矇,18,目,p1,"ボウ, モウ","くらい, めしい"
瞻,18,目,p1E,セン,みる
瞽,18,目,s7,コ,めしい
瞹,18,目,q9,アイ,
矍,20,目,r10,カク,
矗,24,目,r1,"シュク, チク, チョク",なおい
矚,26,目,r2,"ショク, ソク",みる
竒,9,立,p4,キ,"あやしい, くしき, くしくも, めずらしい"
竚,10,立,s6,チョ,たたずむ
站,10,立,p1F,タン,"えき, たつ, たたずむ"
站,10,立,q30,タン,"えき, たつ, たたずむ"
竝,10,立,s24,"ヘイ, ホウ","なみ, ならびに, ならぶ, ならべる"
竟,11,立,q24,"キョウ, ケイ","おわる, ついに, わたる"
竢,12,立,s4,シ,まつ
竦,12,立,s2,ショウ,"おそれる, すくむ, つつしむ"
竭,14,立,r6,ケツ,つくす
竸,22,立,q24,"キョウ, ケイ","きそう, くらべる, せる"
秉,8,禾,s23,ヘイ,とる
秕,9,禾,s4,ヒ,しいな
秣,10,禾,r7,"バツ, マツ","まぐさ, まぐさかう"
秬,10,禾,s6,キョ,くろきび
秧,10,禾,p17,オウ,なえ
秡,10,禾,r7,"ハツ, バチ",
稈,12,禾,s14,カン,わら
稍,12,禾,p13,"ショウ, ソウ","やや, ようやく"
稍,12,禾,q19,"ショウ, ソウ","やや, ようやく"
稟,13,禾,s26,"ヒン, リン",こめぐら
稠,13,禾,p1B,"チュウ, チョウ","おおい, しげる"
稘,13,禾,p4,キ,
稙,13,禾,r13,"ショク, チョク",
稱,14,禾,p1A,ショウ,"あげる, かなう, たたえる, となえる, はかる, ほめる"
稱,14,禾,q25,ショウ,"あげる, かなう, たたえる, となえる, はかる, ほめる"
稷,15,禾,r13,ショク,きび
稻,15,禾,s19,"テ, トウ","いな, いね"
稾,15,禾,s19,コウ,"したがき, わら"
穗,17,禾,q4,スイ,ほ
穉,17,禾,q4,"ジ, チ","いとけない, おくて, おごる, おさない"
穢,18,禾,q11,"アイ, エ, ワイ","けがす, けがれ, けがれる"
穡,18,禾,r13,ショク,
穩,19,禾,s13,オン,おだやか
龝,21,禾,p1B,シュウ,"あき, とき"
穰,22,禾,p17,ジョウ,"ゆたか, わら"
穰,22,禾,s22,ジョウ,"ゆたか, わら"
矣,7,矢,s4,イ,
矮,13,矢,s9,"アイ, ワイ",ひくい
甬,7,用,s2,ヨウ,
盂,8,皿,p7,ウ,はち
盍,10,皿,r15,コウ,"おおう, なんぞ"
盒,11,皿,r15,コウ,"さら, ふたもの"
盖,11,皿,q9,"カイ, ガイ, コウ","おおう, かこう, かさ, けだし, ふた"
盜,12,皿,q20,トウ,ぬすむ
盞,13,皿,s15,"サン, セン",さかずき
盡,14,皿,s11,"サン, ジン","ことごとく, さかづき, つかす, つきる, つくす"
盧,16,皿,p7,ロ,
盥,16,皿,s14,カン,"そそぐ, たらい"
盪,17,皿,s22,トウ,"あらう, うごく, とろかす"
癶,5,癶,r7,ハツ,
癸,9,癶,s4,キ,みずのと
發,12,癶,r6,"ハツ, ホツ","あばく, おこる, たつ, つかわす, はなつ"
皰,10,皮,q19,"ビョウ, ホウ",にきび
皴,12,皮,pB,シュン,"しわ, ひび"
皹,14,皮,pC,"キン, クン","あかぎれ, ひび"
皸,14,皮,pC,"キン, クン","あかぎれ, ひび"
皷,14,皮,s7,コ,つづみ
皺,15,皮,q26,"シュウ, スウ","しぼ, しわ"
疔,7,疒,p19,"チョウ, テイ",
疚,8,疒,q26,キュウ,"やむ, やましい"
疝,8,疒,q16,"サン, セン",
疣,9,疒,p1B,"ユ, ユウ",いぼ
疥,9,疒,q10,カイ,はたけ
疳,10,疒,p1D,カン,
痃,10,疒,p11,"ケン, ゲン",
痂,10,疒,p16,"カ, ケ","かさ, かさぶた"
疸,10,疒,s14,タン,
疽,10,疒,p6,"ショ, ソ",かさ
疼,10,疒,p1A,トウ,"いたむ, うずく"
疱,10,疒,q19,ホウ,もがさ
痍,11,疒,p4,イ,きず
疵,11,疒,p4,シ,きず
痊,11,疒,p11,セン,
痒,11,疒,p17,ヨウ,"かさ, かゆい, かゆがる"
痒,11,疒,s22,ヨウ,"かさ, かゆい, かゆがる"
痙,12,疒,s23,ケイ,"つる, ひきつる"
痞,12,疒,s4,ヒ,つかえ
痣,12,疒,q4,シ,"あざ, ほくろ"
痿,13,疒,p4,イ,なえる
痿,13,疒,q4,イ,なえる
痾,13,疒,p15,ア,やまい
痰,13,疒,p1D,タン,
痺,13,疒,q4,ヒ,しびれる
痼,13,疒,q7,コ,
痳,13,疒,p1C,リン,
痲,13,疒,p16,"バ, マ",しびれる
瘁,13,疒,q4,スイ,つかれる
瘧,14,疒,r10,"ガク, ギャク",おこり
瘋,14,疒,p1,フウ,
瘉,14,疒,p7,ユ,"いえる, いやす"
瘉,14,疒,s7,ユ,"いえる, いやす"
瘟,15,疒,pC,オン,えやみ
瘟,15,疒,pD,オン,えやみ
瘟,15,疒,r6,オン,えやみ
瘠,15,疒,r11,"ジャク, セキ",やせる
瘤,15,疒,p1B,"リュウ, ル",こぶ
瘤,15,疒,q26,"リュウ, ル",こぶ
瘢,15,疒,pE,ハン,きず
瘡,15,疒,p17,"ショウ, ソウ",かさ
瘰,16,疒,s20,"ラ, ライ, ルイ",
瘴,16,疒,q23,ショウ,
瘻,16,疒,p7,"ル, ロウ","かさ, せむし, できもの"
瘻,16,疒,q7,"ル, ロウ","かさ, せむし, できもの"
癇,17,疒,pF,カン,ひきつけ
癆,17,疒,p12,ロウ,
癆,17,疒,p14,ロウ,
癆,17,疒,q20,ロウ,
癈,17,疒,q11,ハイ,
癘,17,疒,q8,"ライ, レイ",えやみ
癜,18,疒,q17,"テン, デン",なまず
癡,19,疒,p4,チ,"おろか, しれる"
癢,20,疒,s22,ヨウ,かゆい
癧,21,疒,r12,レキ,
癨,21,疒,r10,カク,
癩,21,疒,q9,ライ,
癬,22,疒,s16,セン,たむし
癰,23,疒,p2,ヨウ,はれもの
癲,24,疒,p11,テン,
矜,9,矛,pB,"キョウ, キン, ケイ","あわれむ, つつしむ, ほこる"
矜,9,矛,pF,"キョウ, キン, ケイ","あわれむ, つつしむ, ほこる"
矜,9,矛,p1A,"キョウ, キン, ケイ","あわれむ, つつしむ, ほこる"
瓮,9,瓦,q1,オウ,もたい
瓷,11,瓦,p4,シ,かめ
甄,14,瓦,pB,"ケン, シン",すえ
甄,14,瓦,p11,"ケン, シン",すえ
甃,14,瓦,q26,シュウ,"いしだたみ, しきがわら"
甍,15,瓦,p18,"ボウ, ミョウ",いらか
甌,16,瓦,p1B,オウ,"かめ, はち, ほとぎ"
甎,16,瓦,p11,セン,"かわら, しきがわら"
甕,18,瓦,q1,オウ,"かめ, みか"
甓,18,瓦,r12,"ビャク, ヘキ",かわら
禹,9,禸,s7,ウ,
禺,9,禸,p2,"グ, グウ",おながざる
禺,9,禸,p7,"グ, グウ",おながざる
禺,9,禸,q7,"グ, グウ",おながざる
衫,8,衣,p1F,サン,
衵,9,衣,r4,ジツ,あこめ
袂,9,衣,q8,"ケツ, ベイ","たまと, たもと"
衲,9,衣,r15,"ドウ, ノウ",ころも
衽,9,衣,s26,"ジン, ニン","おくみ, こくび, しとね"
衾,10,衣,p1C,キン,ふすま
袗,10,衣,s11,シン,
袙,10,衣,q22,"ハ, バツ",あこめ
袢,10,衣,pD,ハン,
袒,10,衣,s14,タン,かたぬぐ
袍,10,衣,p14,ホウ,わたいれ
袞,11,衣,s13,コン,
袤,11,衣,q26,ボウ,ながさ
袿,11,衣,p8,ケイ,"うちかけ, うちき, うちぎ"
袱,11,衣,r1,フク,
袵,11,衣,s26,"ジン, ニン","おくみ, こくび, しとね"
裙,12,衣,pC,クン,もすそ
裔,13,衣,q8,エイ,"すえ, すそ"
裘,13,衣,p1B,"キュウ, グ","かわごろも, けごろも"
褂,13,衣,q10,"カイ, ケ, ケイ","うちかけ, うちき"
裼,13,衣,q8,"セキ, テイ",はだぬぐ
裲,13,衣,s22,リョウ,うちかけ
裨,13,衣,p4,ヒ,"おぎなう, たすける, ます"
裝,13,衣,p17,"ショウ, ソウ","よそおい, よそおう"
裹,14,衣,s20,"カ, ホウ",つつむ
裴,14,衣,pA,"ハイ, ヒ, ベ",たちもとおる
褌,14,衣,pD,コン,ふんどし
褊,14,衣,s16,ヘン,せまい
褓,14,衣,s19,"ホ, ホウ",むつき
褝,14,衣,pE,"ゼン, タン",ひとえ
褞,15,衣,pC,"ウン, オン",ぬのこ
褥,15,衣,r2,ジョク,しとね
褫,15,衣,p4,チ,うばう
褫,15,衣,s4,チ,うばう
褪,15,衣,q14,"タイ, トン","あせる, ぬぐ"
襁,16,衣,s22,キョウ,むつき
褸,16,衣,p1B,"ル, ロ, ロウ",いと
褸,16,衣,s7,"ル, ロ, ロウ",いと
褶,16,衣,r14,"シュウ, ショウ, チョウ",かさねる
襍,17,衣,r15,"ザツ, ゾウ","まじえる, まじる"
褻,17,衣,r9,セツ,"けがれる, なれる"
襄,17,衣,p17,"ショウ, ジョウ",はらう
襌,17,衣,pE,"ゼン, タン",ひとえ
襃,17,衣,p14,ホウ,ほめる
襠,18,衣,p17,トウ,"ふんどし, まち"
襞,19,衣,r11,"ヒャク, ヘキ","しわ, ひだ"
襦,19,衣,p7,ジュ,"したぎ, はだぎ"
襪,19,衣,r6,"バツ, ベツ",
襭,20,衣,r9,ケツ,"つまばさむ, はさむ"
襤,20,衣,p1D,ラン,ぼろ
襯,21,衣,q12,シン,はだぎ
襴,22,衣,pE,"ラン, リン",
瓠,12,瓜,p7,"カク, コ",ひさご
瓠,12,瓜,q7,"カク, コ",ひさご
瓣,20,瓜,q16,"ヘン, ベン","あらそう, はなびら, わける, わきまえる"
糺,7,糸,s25,キュウ,"あざなう, ただす"
紆,9,糸,p7,ウ,"まがる, めぐる"
紂,9,糸,s25,チュウ,しりがい
紊,10,糸,q13,"ビン, ブン",みだれる
紕,10,糸,p4,ヒ,
紜,10,糸,pC,ウン,みだれる
絅,11,糸,p19,ケイ,ひく
絅,11,糸,s24,ケイ,ひく
紿,11,糸,s10,タイ,あざむく
絆,11,糸,q15,ハン,"きずな, つなぐ, ほだす"
紵,11,糸,s6,チョ,
紮,11,糸,r8,サツ,からげる
紲,11,糸,r9,セツ,きずな
絋,11,糸,q23,コウ,
絖,12,糸,q23,コウ,"ぬめ, わた"
絎,12,糸,q24,コウ,"くける, くれる"
絣,12,糸,p18,ホウ,かすり
絨,12,糸,p1,ジュウ,
絏,12,糸,r9,セツ,
絮,12,糸,q6,"ショ, ジョ",わた
絲,12,糸,p4,シ,いと
絳,13,糸,q3,コウ,あか
綏,13,糸,p4,"スイ, タ",やすい
絽,13,糸,s6,"リョ, ロ",
綉,13,糸,q26,"シュウ, ツ, トウ",
絛,13,糸,p14,"ジュウ, ジョウ, トウ",さなだ
綟,13,糸,q8,レイ,もじ
經,13,糸,p19,"キョウ, ケイ","たつ, たていと, のり, はかる, へる"
經,13,糸,q25,"キョウ, ケイ","たつ, たていと, のり, はかる, へる"
綺,14,糸,s4,キ,あや
綵,14,糸,s10,サイ,"あや, あやぎぬ"
緇,14,糸,p4,シ,くろ
綽,14,糸,r10,シャク,"あだ, しなやか, ゆるやか"
綢,14,糸,p14,"チュウ, トウ",まとう
綢,14,糸,p1B,"チュウ, トウ",まとう
綣,14,糸,s13,ケン,
綸,14,糸,pB,"カン, リン",いと
綸,14,糸,pF,"カン, リン",いと
綯,14,糸,p14,トウ,"なう, なわ, よる"
綮,14,糸,s8,ケイ,
綰,14,糸,s15,ワン,"たかねる, たがねる, わがねる"
綫,14,糸,q17,セン,すじ
緤,15,糸,r9,"セチ, セツ","きずな, つなぐ"
緞,15,糸,q15,"タン, ドン",
緘,15,糸,p1F,カン,"かんする, とじる"
緲,15,糸,s17,"ビョウ, ミョウ",
緝,15,糸,r14,シュウ,つむぐ
緡,15,糸,pB,"コン, ビン, ミン","さし, ぜにさし, つりいと, なわ"
緜,15,糸,p11,メン,"つらなる, わた"
縡,16,糸,q11,サイ,こと
縟,16,糸,r2,ジョク,しげし
縊,16,糸,q4,"イ, エイ","くびる, くびれる"
縉,16,糸,q12,シン,さしはさむ
縋,15,糸,q4,ツイ,すがる
縢,16,糸,p1A,トウ,"かがる, かな, からげる, むかばき"
縒,16,糸,p4,"サ, シ",よる
縒,16,糸,s20,"サ, シ",よる
縣,16,糸,p11,ケン,かける
縣,16,糸,q17,ケン,かける
縻,17,糸,p4,"ビ, ミ",きずな
繆,17,糸,p1B,"キュウ, ビュウ, ボク, リョウ","あやまる, まとう"
繆,17,糸,q26,"キュウ, ビュウ, ボク, リョウ","あやまる, まとう"
縹,17,糸,s17,ヒョウ,はなだ
縵,17,糸,q15,"バン, マン",
縺,17,糸,p11,レン,もつれる
繃,17,糸,p18,"ヒョウ, ホウ","たばねる, まく"
縲,17,糸,p4,ルイ,
縷,17,糸,s7,"ル, ロウ",いと
總,17,糸,p1,ソウ,"すべて, すべて, ふさ"
總,17,糸,s1,ソウ,"すべて, すべて, ふさ"
縱,17,糸,p2,ジュウ,たて
縱,17,糸,s1,ジュウ,たて
繚,18,糸,p12,リョウ,"まとう, めぐる"
繚,18,糸,s17,リョウ,"まとう, めぐる"
繖,18,糸,s14,サン,
繝,18,糸,q16,"カン, ケン",
繦,17,糸,s22,キョウ,"ぜにさし, むつき"
繙,18,糸,pD,"ハン, ホン",ひもとく
繞,18,糸,s17,"ジョウ, ニョウ","まとう, まわる, めぐる, もとうる"
繹,19,糸,r11,"エキ, ヤク","たずねる, ぬく"
繪,19,糸,q9,"エ, カイ",
繩,19,糸,p1A,ジョウ,"ただす, なわ"
繽,20,糸,pB,ヒン,おおし
辮,20,糸,s16,"ヘン, ベン",あむ
繻,20,糸,p7,シュ,うすぎぬ
繼,20,糸,q8,ケイ,"つぐ, まま"
纈,21,糸,r9,"ケチ, ケツ",しぼり
纉,21,糸,s14,"サブ, サン",つぐ
繿,21,糸,p1D,ラン,ぼろ
續,21,糸,r2,"キョウ, コウ, ショク, ゾク","つぐない, つづく, つづける"
纎,21,糸,p1E,セン,
纒,22,糸,p11,テン,"まつわる, まとう, まとまる, まとめる"
纒,22,糸,q17,テン,"まつわる, まとう, まとまる, まとめる"
纔,23,糸,pA,"サイ, サン, ザン","ひたた, わずか"
纓,23,糸,p18,"エイ, ヨウ",
纖,23,糸,p1E,セン,
纛,25,糸,s19,"トウ, トク","おにがしら, はたぼこ"
纜,28,糸,q28,ラン,ともづな
耿,10,耳,s23,コウ,ひかり
耻,10,耳,s4,チ,"はじらう, はじる, はずかしい, はじ"
聆,11,耳,p19,"リョウ, レイ",きく
聊,11,耳,p12,リョウ,いささか
聒,12,耳,r7,カツ,かまびすしい
聘,13,耳,q24,ヘイ,"とう, へいする, めす"
聟,14,耳,q8,セイ,むこ
聚,14,耳,s7,"シュ, シュウ",あつまる
聨,15,耳,p11,レン,"つらなる, つらねる"
聳,17,耳,s2,ショウ,そびえる
聲,17,耳,p18,"ショウ, セイ","こえ, こわ"
聰,17,耳,p1,ソウ,"さとい, みみざとい"
聶,18,耳,r16,"ショウ, ジョウ, ニョウ",ささやく
聹,20,耳,p19,ネイ,
聽,22,耳,p19,チョウ,"きく, ゆるす"
聽,22,耳,q25,チョウ,"きく, ゆるす"
笋,10,竹,s11,"イン, シュン, ジュン","たかんな, たけのこ"
笏,10,竹,r6,コツ,しゃく
笆,10,竹,p16,ハ,
笊,10,竹,q19,ソウ,"ざる, す"
笄,10,竹,p8,ケイ,こうがい
笘,11,竹,p1E,"セン, チョウ",
笞,11,竹,p4,チ,"しもと, むち"
笵,11,竹,s29,"ハン, ボン",のり
笳,11,竹,p16,カ,あしぶえ
笨,11,竹,s13,ホン,あらい
笙,11,竹,p18,"ショウ, ソウ",ふえ
笶,11,竹,s4,シ,
筍,12,竹,s11,"イン, シュン, ジュン","たかんな, たけのこ"
筌,12,竹,p11,セン,"うえ, うけ"
筅,12,竹,s16,セン,ささら
筐,12,竹,p17,キョウ,"かご, かたみ, はこ"
筝,12,竹,p18,"ショウ, ソウ",こと
筺,13,竹,p17,キョウ,"かご, かたみ, はこ"
筥,13,竹,s6,キョ,
筵,13,竹,p11,エン,むしろ
筧,13,竹,s16,ケン,かけひ
筰,13,竹,r10,サク,しゃく
筬,13,竹,p18,セイ,おさ
筮,13,竹,q8,"セイ, ゼイ","うらなう, めどぎ"
筱,13,竹,s17,"ショウ, ゾウ",しの
筴,13,竹,r11,"キョウ, サク",めどぎ
箘,14,竹,pB,キン,
箘,14,竹,s11,キン,
箜,14,竹,p1,"ク, コウ",
箍,14,竹,p7,コ,たが
箝,14,竹,p1E,"カン, ケン","くびかせ, すげる, はさむ"
箒,14,竹,s25,"シュウ, ソウ",ほうき
箏,14,竹,p18,"ショウ, ソウ",こと
箚,14,竹,r17,"サツ, チョウ, トウ",さす
箙,14,竹,r1,フク,えびら
箟,14,竹,pB,キン,
箟,14,竹,s11,キン,
篁,15,竹,p17,コウ,たかむら
篌,15,竹,p1B,"コウ, ゴ",
篆,15,竹,s16,テン,
篋,15,竹,r16,キョウ,はこ
箴,15,竹,p1C,シン,"いましめる, はり"
篏,15,竹,p1F,カン,"あな, はまる, はめる"
篏,15,竹,s27,カン,"あな, はまる, はめる"
篦,16,竹,p8,"ハイ, ヘイ","の, へら"
篝,16,竹,p1B,コウ,"かがり, かがりび, ふせご"
篩,16,竹,p4,"サイ, シ",ふるう
篩,16,竹,p9,"サイ, シ",ふるう
篥,16,竹,r4,"リキ, リチ, リツ",
簑,16,竹,p15,"サ, サイ",みの
簔,17,竹,p15,"サ, サイ",みの
篷,17,竹,p1,ホウ,とま
簍,17,竹,p1B,"ル, ロウ",
簍,17,竹,s7,"ル, ロウ",
簇,17,竹,r1,"ソウ, ソク, ゾク",むらがる
簀,17,竹,r11,"サク, ジャク, セキ",す
篳,17,竹,r4,"ヒチ, ヒツ",まがき
篶,17,竹,p11,エン,"くろだけ, すず"
簣,18,竹,q4,キ,"あじか, もっこ"
簧,18,竹,p17,コウ,した
簟,18,竹,s28,"タン, テン",たかむしろ
簷,19,竹,p1E,エン,ひさし
簽,19,竹,p1E,セン,かご
簫,19,竹,p12,ショウ,ふえ
籀,19,竹,q26,"シュウ, ジュ, チュウ",よむ
簪,20,竹,p1C,"サン, シン",かんざし
簪,20,竹,p1D,"サン, シン",かんざし
籌,20,竹,p1B,チュウ,"かずとり, はかりごと"
籃,21,竹,p1D,ラン,かご
籔,21,竹,s7,ソウ,やぶ
籐,21,竹,p1A,トウ,
籖,21,竹,p1E,セン,"かずとり, くじ"
籟,22,竹,q9,ライ,ふえ
籘,22,竹,p1A,トウ,
籥,23,竹,r10,ヤク,ふえ
籤,23,竹,p1E,セン,"かずとり, くじ"
籬,25,竹,p4,リ,"かき, まがき"
虱,8,虫,r4,シツ,しらみ
蚓,10,虫,s11,"イン, ズ",みみず
蚪,10,虫,s25,ト,
蚌,10,虫,s3,"ビョウ, ホウ, ボウ","どぶがい, はまぐり"
蚩,10,虫,p4,シ,
蚣,10,虫,p1,"コウ, ショウ",
蚣,10,虫,p2,"コウ, ショウ",
蚋,10,虫,q8,"ゼイ, ゼツ, ネイ, ネチ","か, ぶと, ぶゆ, ぶよ"
蛄,11,虫,p7,コ,
蚰,11,虫,p1B,ユウ,
蛉,11,虫,p19,レイ,
蚯,11,虫,p1B,キュウ,みみず
蚶,11,虫,p1D,カン,
蚫,11,虫,s18,ホウ,あわび
蛆,11,虫,p6,"ショ, ソ",うじ
蛛,12,虫,p7,"シュ, チュ",
蛞,12,虫,r7,カツ,
蛬,12,虫,p2,キョウ,"きりぎりす, こおろぎ"
蛬,12,虫,s2,キョウ,"きりぎりす, こおろぎ"
蛩,12,虫,p2,キョウ,こおろぎ
蛩,12,虫,s2,キョウ,こおろぎ
蛔,12,虫,pA,"カイ, ユウ","かいちゅう, はらのむし"
蛔,12,虫,p1B,"カイ, ユウ","かいちゅう, はらのむし"
蛔,12,虫,s10,"カイ, ユウ","かいちゅう, はらのむし"
蛟,12,虫,p13,"キョウ, コウ",みずち
蜒,13,虫,p11,"エン, タン",
蜉,13,虫,p1B,フ,
蜀,13,虫,r2,"ショク, ゾク",いもむし
蛻,13,虫,q8,"セイ, ゼイ, タイ","ぬけがら, もぬける"
蜊,13,虫,p4,リ,あさり
蜍,13,虫,p6,ショ,
蜈,13,虫,p7,ゴ,
蛹,13,虫,s2,ヨウ,さなぎ
蜑,13,虫,s14,タン,あま
蜆,13,虫,s16,ケン,しじみ
蜃,13,虫,s11,シン,
蜴,14,虫,r11,エキ,
蜿,14,虫,pD,"エン, ワン",
蜿,14,虫,s13,"エン, ワン",
蜚,14,虫,p5,ヒ,あぶらむし
蜚,14,虫,s5,ヒ,あぶらむし
蜥,14,虫,r12,"シャク, セキ",とかげ
蜻,14,虫,p18,セイ,
蜩,14,虫,p12,チョウ,"せみ, ひぐらし"
蜷,14,虫,p11,ケン,にな
蝨,15,虫,r4,シツ,しらみ
蝠,15,虫,r1,フク,
蝮,15,虫,r1,フク,まむし
蝌,15,虫,p15,カ,
蝴,15,虫,p7,コ,
蝙,15,虫,p11,ヘン,こうもり
蝓,15,虫,p7,ユ,
蝗,15,虫,p17,コウ,"いなご, ばった"
蝟,15,虫,q5,イ,はりねずみ
蝎,15,虫,r7,カツ,"さそり, すくもむし"
蝣,15,虫,p1B,ユウ,
蝸,15,虫,p9,カ,かたつむり
蝸,15,虫,p16,カ,かたつむり
蟒,15,虫,s22,"ボウ, モウ","うわばみ, おろち"
蝪,15,虫,p17,エキ,
蟇,16,虫,p16,"バ, マ",ひき
蟆,16,虫,p16,"バ, マ",ひき
螂,16,虫,p17,ロウ,
螟,16,虫,p19,"ミョウ, メイ",ずいむし
螢,16,虫,p19,ケイ,ほたる
蟋,17,虫,r4,シツ,
螽,17,虫,p1,シュウ,いなご
螳,17,虫,p17,トウ,
蟀,17,虫,r4,シュツ,
螯,17,虫,p14,ゴウ,はさみ
螻,17,虫,p1B,"ル, ロウ",けら
螫,17,虫,r11,"カク, セキ",さす
蟄,17,虫,r14,"チツ, チュウ","かくれる, ちっする"
蠎,17,虫,s22,"ボウ, モウ","うわばみ, おろち"
蟠,18,虫,pE,ハン,"わだかまる, わらじむし"
蟯,18,虫,p12,"ギョウ, ジョウ",
蟲,18,虫,p1,"キ, チュウ",むし
蠅,19,虫,p1A,ヨウ,"はい, はえ"
蠍,19,虫,r6,カツ,さそり
蟾,19,虫,p1E,セン,
蟶,19,虫,p18,テイ,まて
蟷,19,虫,p17,トウ,
蠖,19,虫,r10,"カク, ワク",
蠏,19,虫,s9,カイ,かに
蠣,20,虫,q8,レイ,かき
蠕,20,虫,p7,"ジュ, ゼン, ダ, ニュ, ネン",うごめく
蠕,20,虫,s16,"ジュ, ゼン, ダ, ニュ, ネン",うごめく
蠑,20,虫,p18,エイ,
蠢,21,虫,s11,シュン,うごめく
蠡,21,虫,p4,"ラ, ライ, リ, レイ","にな, ひさご"
蠡,21,虫,p8,"ラ, ライ, リ, レイ","にな, ひさご"
蠡,21,虫,s8,"ラ, ライ, リ, レイ","にな, ひさご"
蠧,22,虫,q7,ト,きくいむし
蠱,23,虫,s7,"コ, ヤ","まじ, まじこる"
蠹,24,虫,q7,ト,きくいむし
蠻,25,虫,pF,バン,えびす
蠶,26,虫,p1D,"サン, テン","かいこ, こ"
翆,10,羽,q4,スイ,"かわせみ, みどり"
翅,10,羽,q4,シ,"つばさ, はね"
翊,11,羽,r13,ヨク,
翔,12,羽,p17,ショウ,"かける, とぶ"
翕,12,羽,r14,キュウ,あう
翡,14,羽,q5,ヒ,
翦,15,羽,s16,セン,
翩,15,羽,p11,ヘン,ひるがえる
翳,17,羽,q8,エイ,"かげ, かげる, かざす, きぬがさ, くもる, くもり"
翹,18,羽,p12,ギョウ,"あげる, つまだてる"
衍,9,行,s16,エン,"あまり, しく, はびこる"
衒,11,行,q17,"ケン, ゲン",てらう
衙,13,行,p6,"ガ, ギョ, ゴ",
衙,13,行,p16,"ガ, ギョ, ゴ",
衙,13,行,s6,"ガ, ギョ, ゴ",
衞,16,行,q8,"エ, エイ",まもる
衢,24,行,p7,ク,みち
艷,24,色,q29,エン,"あでやか, つや, つやめく, なまめかしい, なまめく"
襾,6,西,s21,ア,け
覃,12,西,p1D,"エン, タン",
覈,19,西,r9,"カク, ケツ",しらべる
覊,25,西,p4,"キ, ハ","おもがい, たづな, たび, つなぐ"
舫,10,舟,q23,ホウ,"もやう, もやいぶね"
舩,10,舟,p11,セン,"ふな, ふね"
舮,10,舟,p7,ロ,"とも, へさき"
舸,11,舟,p15,カ,ふね
舸,11,舟,s20,カ,ふね
舳,11,舟,r1,"ジク, チク, チュウ","へ, へさき"
艀,13,舟,p1B,フ,はしけ
艘,16,舟,p14,"シュウ, ショウ, ソウ",ふね
艘,16,舟,p1B,"シュウ, ショウ, ソウ",ふね
艙,16,舟,p17,ソウ,
艚,17,舟,p14,ソウ,
艟,18,舟,p1,"ショウ, トウ, ドウ",いくさぶね
艟,18,舟,p2,"ショウ, トウ, ドウ",いくさぶね
艟,18,舟,q3,"ショウ, トウ, ドウ",いくさぶね
艤,19,舟,s4,ギ,ふなよそおい
艢,19,舟,p17,"ショウ, ゾウ, ロ","とも, ほばしら"
艨,19,舟,p1,"ボウ, モウ",いくさぶね
艪,21,舟,s7,ロ,"かい, やぐら"
艫,22,舟,p7,ロ,とも
粃,10,米,s4,ヒ,"しいな, しな"
粢,12,米,p4,シ,しとぎ
粤,12,米,r6,エツ,ここに
粡,12,米,p1,トウ,
粱,13,米,p17,リョウ,あわ
粳,13,米,p18,コウ,"うるち, ぬか"
粲,13,米,q15,サン,いい
粮,13,米,p17,"リョウ, ロウ",かて
粽,14,米,q1,ソウ,ちまき
粹,14,米,q4,スイ,いき
糅,15,米,s25,ジュウ,まじる
糂,15,米,s27,ジン,
糒,16,米,q4,"ハイ, ビ","ほしい, ほしいい"
糢,16,米,p7,"ボ, モ","かた, のっとる"
糜,17,米,p4,ビ,ただれる
糯,20,米,q21,"ダ, ナ",もちごめ
糲,20,米,q8,"ラツ, レイ","あらい, くろごめ"
糴,22,米,r12,"チョウ, テキ","うる, かいよね, せり"
糶,25,米,q18,チョウ,"うりよね, せり"
衂,9,血,r1,ジク,はなぢ
衄,10,血,r1,ジク,はなぢ
羌,8,羊,p17,キョウ,"ああ, えびす"
羔,10,羊,p14,コウ,こひつじ
羝,11,羊,p8,"テイ, ラン",おひつじ
羚,11,羊,p19,"リョウ, レイ",かもしか
羣,13,羊,pC,グン,"むれる, むら, むらがる, むれ"
羯,15,羊,r6,"カツ, ケツ",
羮,15,羊,p18,"カン, コウ",あつもの
羲,16,羊,p4,"キ, ギ",
羹,19,羊,p18,"カン, コウ",あつもの
羶,19,羊,p11,セン,なまぐさい
羸,19,羊,p4,ルイ,"つかれる, よわい"
艱,17,艮,pF,"カン, ケン","かたい, なやみ, なやむ"
耒,6,耒,q11,"ライ, ルイ","き, く, すき"
耙,10,耒,p16,ハ,
耙,10,耒,q22,ハ,
耘,10,耒,pC,ウン,くさぎる
耜,11,耒,s4,シ,すき
耡,13,耒,p6,ジョ,"すく, すき"
耨,16,耒,q26,"ジュク, ジョク, ドウ, ヌ","くさぎる, くわ, すき"
臾,9,臼,p7,"ユ, ヨ, ヨウ",
舁,9,臼,p6,ヨ,かく
舁,9,臼,q6,ヨ,かく
舂,11,臼,p2,ショウ,"うすつく, うすづく, つく"
舅,13,臼,s25,キュウ,しゅうと
與,13,臼,p6,ヨ,"あずかる, あたえる, くみする, ともに"
與,13,臼,s6,ヨ,"あずかる, あたえる, くみする, ともに"
舉,16,臼,s6,キョ,"あがる, あげる, こぞる"
舊,17,臼,q26,キュウ,"ふるい, もと"
舍,8,舌,s21,"シャ, セキ",やどる
舐,10,舌,s4,シ,"なめる, ねぶる"
舒,12,舌,p6,"ショ, ジョ",のべる
舖,15,舌,p7,ホ,
舖,15,舌,q7,ホ,
臺,14,至,pA,"タイ, ダイ","うてな, つかさ, われ"
臻,16,至,pB,シン,いたる
虍,6,虍,p7,コ,
虔,10,虍,p11,ケン,つつしむ
處,11,虍,s6,ショ,"こ, おる, ところ"
號,13,虍,p14,コウ,"さけぶ, よびな"
號,13,虍,q20,コウ,"さけぶ, よびな"
虧,17,虍,p4,キ,かける
缸,9,缶,p3,コウ,かめ
缺,10,缶,r9,"ケツ, ケン","かく, かける"
罅,17,缶,q22,"カ, ケ","すき, ひび"
罌,20,缶,p18,"エイ, オウ, ヨウ","かめ, ほとぎ, もたい"
罍,21,缶,pA,ライ,さかだる
罎,22,缶,pE,"タン, ドン",びん
罐,23,缶,q15,カン,かま
聿,6,聿,r4,"イチ, イツ","ここに, ふで"
肄,13,聿,q4,イ,ならう
肆,13,聿,q4,シ,"つらねる, ほしいまま, みせ"
肅,13,聿,r1,"シュク, スク",つつしむ
臧,15,臣,p17,"ソウ, ゾウ",よい
頏,13,頁,p17,コウ,のど
頏,13,頁,q23,コウ,のど
頌,13,頁,q2,"ショウ, ジュ, ヨウ","かたち, たたえる, ほめる"
頡,15,頁,r8,"カツ, キツ, ケチ, ケツ",
頸,16,頁,s23,ケイ,くび
頤,15,頁,p4,イ,"あご, おとがい"
頷,16,頁,p1D,"カン, ガン","あご, うなずく"
頷,16,頁,s27,"カン, ガン","あご, うなずく"
頽,16,頁,pA,タイ,くずれる
顆,17,頁,s20,カ,つぶ
顋,18,頁,pA,サイ,"あご, えら"
顏,18,頁,pF,ガン,かお
顫,22,頁,q17,セン,ふるえる
顯,23,頁,s16,ケン,"あきらか, あらわれる"
顰,24,頁,pB,ヒン,"しかめる, ひそめる"
顱,25,頁,p7,ロ,"あたま, かしら"
顴,26,頁,p11,"カン, ケン",
顳,27,頁,r16,ショウ,
貶,11,貝,s28,ヘン,"おとす, おとしめる, けなす"
貭,11,貝,r4,"シチ, シツ, チ","ただす, たち, もと, わりふ"
貽,12,貝,p4,イ,おくる
賁,12,貝,pC,"ヒ, フン, ホン",
賁,12,貝,pD,"ヒ, フン, ホン",
賁,12,貝,q4,"ヒ, フン, ホン",
賈,13,貝,s7,"カ, コ","あきない, あきなう, うる, かう"
貲,13,貝,p4,シ,たから
賍,13,貝,p17,ソウ,
賤,15,貝,q17,"セン, ゼン","いやしい, いやしむ, しず, やすい"
賚,15,貝,q11,ライ,"たまう, たまもの"
賣,15,貝,q10,バイ,"うる, うれる"
賻,17,貝,q7,フ,
賽,17,貝,q11,サイ,
賺,17,貝,q30,"タン, レン",すかす
贄,18,貝,q4,シ,にえ
贅,18,貝,q8,セイ,いぼ
贇,19,貝,pB,イン,
贊,19,貝,q15,サン,"たすける, たたえる"
贍,20,貝,q29,セン,すくう
贏,20,貝,p18,エイ,あまり
贔,21,貝,q4,ヒ,
贐,21,貝,q12,シン,はなむけ
贓,22,貝,p17,ソウ,
贖,22,貝,r2,ショク,あがなう
覓,11,見,r12,"エキ, ベキ, ミャク",もとめる
覘,12,見,p1E,テン,"うかがう, のぞく"
覘,12,見,q29,テン,"うかがう, のぞく"
覡,14,見,r12,"ケキ, ゲキ","かんなぎ, みこ"
覦,16,見,p7,ユ,ねがう
覦,16,見,q7,ユ,ねがう
覩,16,見,s7,ト,みる
覯,17,見,q26,コウ,あう
覬,17,見,q4,キ,
覲,18,見,q12,キン,まみえる
覺,20,見,q19,カク,"おぼえる, さます, さめる, さとる"
覿,22,見,r12,テキ,あう
覽,22,見,s27,ラン,みる
觀,24,見,pE,カン,"しめす, みる"
觀,24,見,q15,カン,"しめす, みる"
軋,8,車,r8,アツ,"きしむ, きしる"
軛,11,車,r11,"アク, ヤク",くびき
軣,11,車,p18,コウ,"とどろかす, とどろく"
軻,12,車,p15,カ,
軻,12,車,s20,カ,
軫,12,車,s11,シン,よこぎ
軼,12,車,r4,"イツ, テツ",すぎる
軾,13,車,r13,"シキ, ショク",しきみ
輅,13,車,q7,ロ,くるま
輊,13,車,q4,チ,
輌,13,車,s22,リョウ,
輒,14,車,r16,チョウ,"すなわち, わきぎ"
輓,14,車,s13,バン,"おそい, ひく"
輕,14,車,p18,ケイ,"かるい, かろやか, かろんじる"
輕,14,車,q24,ケイ,"かるい, かろやか, かろんじる"
輙,15,車,r16,チョウ,"すなわち, わきぎ"
輟,15,車,r9,テツ,やめる
輜,15,車,p4,シ,"こにだ, にぐるま, ほろぐるま"
輦,15,車,s16,レン,"たごし, てぐるま"
輛,15,車,s22,リョウ,
輻,16,車,q26,フク,や
輹,16,車,r1,フク,とこしばり
輳,16,車,q26,ソウ,あつまる
轅,17,車,pD,エン,ながえ
轂,17,車,r1,コク,こしき
輾,17,車,s16,"テン, ネン","きしる, めぐる"
轆,18,車,r1,ロク,ころ
轉,18,車,s16,テン,"うたた, うつる, ころがす, ころがる, ころげる, ころぶ, まろぶ"
轎,19,車,p12,キョウ,かご
轎,19,車,q18,キョウ,かご
轗,20,車,s27,"カン, コン",
轜,21,車,p4,ジ,"じしゃ, ひつぎぐるま"
轢,22,車,r7,レキ,"きしる, ひく"
轤,23,車,p7,ロ,
轣,23,車,r12,レキ,
赧,12,赤,s15,タン,あからめる
赭,16,赤,s21,シャ,あかつち
跂,11,足,p4,キ,"つまだつ, むつゆび"
跂,11,足,s4,キ,"つまだつ, むつゆび"
趺,11,足,p7,"シ, フ",あし
趾,11,足,s4,シ,"あと, はやい"
跏,12,足,p16,カ,
跖,12,足,r11,セキ,あしのうら
跌,12,足,r9,テツ,"あやまつ, つまずく"
跚,12,足,pE,サン,
跛,12,足,s20,"ハ, ヒ","ちんば, びっこ"
跋,12,足,r7,"ハツ, バツ","おくがき, ふむ"
跟,13,足,pD,コン,くびす
跣,13,足,s16,セン,はだし
跪,13,足,s4,キ,ひざまずく
跫,13,足,p2,キョウ,
跫,13,足,p3,キョウ,
跫,13,足,s2,キョウ,
跼,14,足,r2,キョク,"かがむ, くぐまる, こごむ, せぐくまる"
跿,14,足,p7,ト,
踉,14,足,p17,"リョウ, ロウ",
踈,14,足,p6,"ショ, ソ","うとい, うとむ, まばら"
踝,15,足,s21,カ,くるぶし
踟,15,足,p4,チ,
踞,15,足,q6,"キョ, コ",うずくまる
踐,15,足,s16,セン,ふむ
蹂,16,足,p1B,ジュウ,ふむ
蹂,16,足,s25,ジュウ,ふむ
踵,16,足,s2,ショウ,"かかと, きびす, くびす, つぐ"
踰,16,足,p7,"ユ, ヨウ",こえる
踴,16,足,s2,ヨウ,おどる
蹊,17,足,p8,ケイ,"みち, わたる"
蹉,17,足,p15,サ,つまずく
蹉,17,足,q21,サ,つまずく
蹌,17,足,p17,"ショウ, ソウ","うごく, よろめく"
蹇,17,足,s13,ケン,"あしなえ, いざる, なやむ"
蹐,17,足,r11,セキ,
蹈,17,足,q20,トウ,ふむ
蹙,18,足,r1,"シュク, セキ",せまる
蹠,18,足,r11,セキ,"あしうら, あしのうら"
蹣,18,足,pE,"ハン, マン",よろめく
蹤,18,足,p2,ショウ,あと
蹕,18,足,q4,ヒツ,さきばらい
蹶,19,足,q8,"ケイ, ケツ","たおれる, つまずく"
蹲,19,足,pD,"シュン, ソン","うずくまる, つくばう"
蹼,19,足,r1,"ホク, ボク",みずかき
躇,19,足,p6,"チャク, チョ",ためらう
躇,19,足,r10,"チャク, チョ",ためらう
躅,20,足,r2,"タク, チョク",
躄,20,足,r11,ヘキ,"いざり, いざる"
躁,20,足,q20,ソウ,さわぐ
躋,21,足,p8,"サイ, セイ",のぼる
躊,21,足,p1B,"シュウ, ジュ, チュ, チュウ",ためらう
躓,22,足,q4,チ,つまずく
躑,22,足,r11,テキ,"しゃがむ, たちもとおる"
躔,22,足,p11,テン,ふむ
躙,23,足,q12,リン,"にじる, ふむ"
躡,25,足,r16,ジョウ,ふむ
躪,26,足,q12,リン,"にじる, ふむ"
觝,12,角,s8,テイ,ふれる
觚,13,角,p7,コ,さかずき
觜,13,角,p4,"シ, スイ","くちばし, はし"
觜,13,角,s4,"シ, スイ","くちばし, はし"
觧,13,角,s9,"カイ, ゲ","さとる, とかす, とく, とける, ほどく, ほどける, わかる"
觴,18,角,p17,ショウ,さかずき
觸,20,角,r2,ショク,"さわる, ふれる"
訖,10,言,r5,キツ,"おえる, おわる, ついに"
訌,10,言,p1,コウ,
訌,10,言,p3,コウ,
訐,10,言,r6,ケツ,あばく
訛,11,言,p15,カ,"あやまる, なまり, なまる"
訝,12,言,q22,"ガ, ゲ",いぶかる
訥,11,言,r6,トツ,どもる
詛,12,言,q6,"ショ, ソ",のろう
詈,12,言,q4,リ,ののしる
訶,12,言,p15,カ,"しかる, せめる"
詁,12,言,s7,コ,よみ
詆,12,言,p8,"タイ, テイ","しかる, そしる"
詆,12,言,s8,"タイ, テイ","しかる, そしる"
詒,12,言,p4,"イ, タイ",あざむく
詒,12,言,s10,"イ, タイ",あざむく
詭,13,言,s4,キ,いつわる
詢,13,言,pB,"シュン, ジュン","はかる, まこと"
誄,13,言,s4,ルイ,しのびごと
詬,13,言,q26,"ク, コウ","ののしる, はじ, はずかしめる"
誅,13,言,p7,"チュ, チュウ","ころす, せめる, ちゅうする"
誂,13,言,s17,チョウ,"あつらえる, いどむ"
詼,13,言,pA,カイ,たわむれ
誨,14,言,q11,カイ,おしえる
誡,14,言,q10,カイ,いましめる
誣,14,言,p7,フ,"あざむく, しいる, しいる"
誦,14,言,q2,"ショウ, ジュ, ズ","となえる, よむ"
誚,14,言,q18,ショウ,せめる
誑,14,言,q23,キョウ,"たらす, たばかる, たぶらかす"
誥,14,言,q20,コウ,つぐ
諄,15,言,pB,シュン,"くどい, くどくど, ねんごろ, ひちくどい"
諄,15,言,q12,シュン,"くどい, くどくど, ねんごろ, ひちくどい"
諚,15,言,p1E,ジョウ,
諍,15,言,q24,"ショウ, ソウ","あらそう, いさめる, いさかう, うったえる"
諂,15,言,s28,テン,へつらう
諛,16,言,p7,ユ,"へつらい, へつらう"
諫,16,言,q16,カン,いさめる
諤,16,言,r10,ガク,"あご, わめく"
諠,16,言,pD,ケン,"かまびすしい, わすれる"
諢,16,言,q14,コン,
謔,16,言,r10,"キャク, ギャク",たわむれる
諞,16,言,p11,ヘン,
諞,16,言,s16,ヘン,
諳,16,言,p1D,"アン, オン",そらんじる
諷,16,言,q1,フウ,そらんじる
諡,16,言,q4,"エキ, シ",おくりな
謌,17,言,p15,カ,"うた, うたう"
謚,17,言,q4,"エキ, シ",おくりな
諱,17,言,q5,キ,"いむ, いみな"
謇,17,言,s16,ケン,どもる
謐,17,言,r4,ヒツ,しずか
謗,17,言,q23,"ホウ, ボウ",そしる
謖,17,言,r1,"シュク, ショク",たつ
謨,17,言,p7,"ボ, モ",はかる
譁,17,言,p16,"カ, ケ",かまびすしい
謠,17,言,p12,ヨウ,"うた, うたう"
謦,18,言,s24,ケイ,しわぶき
謾,18,言,pE,"バン, マン","あざむく, あなどる"
謾,18,言,q15,"バン, マン","あざむく, あなどる"
鞫,18,言,r1,キク,
謳,18,言,p1B,"ウ, オウ",うたう
謫,18,言,r11,"タク, チャク","せめる, とがめる"
譌,19,言,p15,カ,"あやまる, なまる"
譚,19,言,p1D,タン,はなし
譏,19,言,p5,キ,そしる
譎,19,言,r9,"キツ, ケツ","いつわり, いつわる"
譛,19,言,q27,"シン, セン",そしる
證,19,言,q24,ショウ,あかし
譫,20,言,p1E,"セン, タン, トウ","うるさくしゃべる, うわごと, たわごと"
譬,20,言,q4,ヒ,"たとえ, たとえる"
譟,20,言,q20,ソウ,さわぐ
譯,20,言,r11,ヤク,わけ
譱,20,言,s16,ゼン,"いい, よい, よく"
譽,20,言,p6,ヨ,"ほまれ, ほめる"
譽,20,言,q6,ヨ,"ほまれ, ほめる"
譖,21,言,q27,"シン, セン",そしる
譴,21,言,q17,ケン,せめる
讀,22,言,q26,"トウ, トク, ドク",よむ
讌,23,言,q17,エン,うたげ
讎,23,言,p1B,シュウ,"あだ, かたき"
讙,24,言,pE,"カン, ケン",かまびすしい
讖,24,言,q27,シン,
讒,24,言,p1F,"サン, ザン",そしる
讒,24,言,q30,"サン, ザン",そしる
讓,24,言,q23,ジョウ,ゆずる
讚,26,言,q15,サン,"たたえる, ほめる"
谺,12,谷,p16,"カ, コ",こだま
豁,17,谷,r7,カツ,"ひらける, ひろい"
谿,17,谷,p8,ケイ,"たに, たにがわ"
赳,10,走,p1B,キュウ,
赳,10,走,s25,キュウ,
趁,12,走,s16,チン,おう
趙,14,走,s17,"キョウ, ジョウ, チョウ",
釐,18,里,p4,リ,"おさめる, さいわい, りん"
酊,9,酉,s24,テイ,よう
酖,11,酉,p1D,"タン, チン",ふける
酖,11,酉,q27,"タン, チン",ふける
酘,11,酉,p1B,トウ,
酘,11,酉,q26,トウ,
酣,12,酉,p1D,カン,たけなわ
酥,12,酉,p7,ソ,
酩,13,酉,s24,メイ,よう
酲,14,酉,p18,テイ,
酳,14,酉,q12,"イン, シン",
醋,15,酉,q7,サク,す
醂,15,酉,s27,"ラン, リン","あわす, さわす"
醉,15,酉,q4,スイ,"よい, よう"
醢,17,酉,s10,カイ,"しおから, ししびしお, ひしお"
醪,18,酉,p14,ロウ,"にごりざけ, もろみ"
醫,18,酉,p4,イ,"いする, いやす, くすし"
醫,18,酉,q8,イ,"いする, いやす, くすし"
醯,19,酉,p8,"カイ, ケイ",
醵,20,酉,p6,キョ,
醵,20,酉,q6,キョ,
醴,20,酉,s8,"ライ, レイ",あまざけ
醺,21,酉,pC,クン,よう
釀,24,酉,q23,ジョウ,かもす
釁,25,酉,q12,キン,"すき, ちぬる, ひま"
躬,10,身,p1,"キュウ, キョウ",み
躰,12,身,s8,"タイ, テイ","かたち, からだ"
躱,13,身,s20,タ,かわす
軆,20,身,s8,"タイ, テイ","かたち, からだ"
豈,10,豆,s5,"カイ, ガイ, キ",あに
豌,15,豆,pE,"エン, ワン",
豎,16,豆,s7,ジュ,"こども, たてる, たて"
豐,18,豆,p1,"ブ, ホウ","とよ, ゆたか"
辜,12,辛,p7,コ,つみ
辟,13,辛,r11,"ヒ, ヘキ","きみ, ひらく, めす"
辭,19,辛,p4,ジ,やめる
辯,21,辛,s16,"ヘン, ベン","あらそう, はなびら, わける, わきまえる"
豕,7,豕,s4,シ,
豢,13,豕,q16,"カン, ケン",やしなう
豫,16,豕,q6,"シャ, ヨ",あらかじめ
豬,16,豕,p6,チョ,"い, いのしし"
釉,12,釆,q26,ユウ,うわぐすり
釋,20,釆,r11,"シャク, セキ","すてる, とく, ゆるす"
豸,7,豸,s4,"タイ, チ",
豺,10,豸,p9,サイ,やまいぬ
豼,11,豸,p4,ヒ,
貂,12,豸,p12,チョウ,てん
貊,13,豸,r11,"ハク, ミャク",えびす
貉,13,豸,r10,"カク, ハク",むじな
貅,13,豸,p1B,キュウ,
貍,14,豸,p4,"ライ, リ",たぬき
貎,15,豸,p8,ゲイ,
貘,17,豸,r11,"バク, ミャク",
貔,17,豸,p4,ヒ,
麸,11,麦,p7,フ,ふすま
麥,11,麦,r11,バク,むぎ
麪,15,麦,q17,"ベン, メン",むぎこ
麩,15,麦,p7,フ,ふすま
麭,12,麦,q19,ホウ,こなもち
雹,13,雨,r3,"ハク, ヒョク, ボク",ひょう
霄,15,雨,p12,ショウ,そら
霈,16,雨,q9,ハイ,ひさめ
霆,15,雨,p19,テイ,いかづち
霓,16,雨,p8,ゲイ,にじ
霓,16,雨,q8,ゲイ,にじ
霎,16,雨,r16,"ショウ, ソウ",
霑,16,雨,p1E,テン,"うるおい, うるおう"
霙,16,雨,p18,"エイ, ヨウ",みぞれ
霏,16,雨,p5,ヒ,もや
霖,16,雨,p1C,リン,"ながあめ, ながめ"
霍,16,雨,r10,カク,にわか
霤,18,雨,q26,リュウ,あまだれ
霪,19,雨,p1C,イン,
霰,20,雨,q17,"サン, セン",あられ
霸,21,雨,q22,"ハ, ハク",はたがしら
霹,21,雨,r11,"ヒャク, ヘキ",
霽,22,雨,q8,"サイ, セイ","はらす, はれる"
霾,22,雨,p9,バイ,つちふる
靂,24,雨,r12,レキ,
靆,24,雨,q11,タイ,
靄,24,雨,q9,アイ,もや
靈,24,雨,p19,"リョウ, レイ",たま
靉,25,雨,q11,"アイ, イ",
釖,10,金,p14,トウ,"かたな, そり"
釟,10,金,r8,"ハチ, ハツ",
釡,10,金,s7,フ,かま
釛,10,金,r8,コク,かね
釵,11,金,p9,"サ, サイ","かざし, かんざし"
釼,11,金,r4,ケン,つるぎ
釶,11,金,p16,シ,
釿,12,金,pC,キン,
鈞,12,金,pB,キン,ひとしい
鈕,12,金,s25,"ジュウ, チュウ","つまみ, ぼたん"
鈑,12,金,s15,"ハン, バン",
鈔,12,金,p13,ショウ,
鈔,12,金,q19,ショウ,
鈬,12,金,r10,タク,
鈩,12,金,p7,ロ,いろり
鉤,13,金,p1B,"ク, コウ","かぎ, はり, ばり"
鉗,13,金,p1E,"カン, ケン","くびかせ, つぐむ"
鉉,13,金,s16,ケン,つる
鉞,13,金,r6,エツ,まさかり
鉅,13,金,s6,キョ,はがね
鉋,13,金,p13,"ビョウ, ホウ",かんな
鉋,13,金,q19,"ビョウ, ホウ",かんな
鉈,13,金,p16,シャ,"なた, ほこ"
鈿,13,金,p11,"テン, デン",かんざし
鈿,13,金,q17,"テン, デン",かんざし
鉐,13,金,r1,"ジャク, セキ",
鉚,13,金,s25,リュ,よいかね
銜,14,金,p1F,カン,"くつわ, くわえる"
銖,14,金,p7,シュ,
銕,14,金,r9,テツ,くろがね
銓,14,金,p11,セン,はかる
銛,14,金,p1E,"セン, テン","すき, もり"
鋩,14,金,p17,ボウ,"きっさき, へさき, ほこさき"
鋏,15,金,r16,キョウ,"つるぎ, はさむ, はさみ"
銹,15,金,q26,"シュ, シュウ",さび
銷,15,金,p12,"ショウ, ソウ","かわす, けす, とける, とろかす"
錏,16,金,p16,"ア, エ","しころ, しろこ"
錙,16,金,p4,シ,
錣,16,金,r8,"テイ, テツ",しころ
鋺,16,金,s13,エン,かなまり
錚,16,金,p18,ソウ,
錢,16,金,p11,セン,"すき, ぜに"
錢,16,金,s16,セン,"すき, ぜに"
鍼,17,金,p1C,シン,"さす, はり"
鍮,17,金,p1B,"チュウ, トウ",
鍠,17,金,p17,コウ,
鍠,17,金,p18,コウ,
鍖,17,金,p1C,チン,
鍜,17,金,p16,カ,
鎔,18,金,p2,ヨウ,"いがた, とかす, とける"
鎰,18,金,r4,イツ,かぎ
鎬,18,金,s19,コウ,"しのぎ, なべ"
鎭,18,金,q12,チン,"おさえ, しずまる, しずめる"
鏖,19,金,p14,オウ,みなごろし
鏘,19,金,p17,"ショウ, ソウ",
鏈,19,金,p11,レン,くさり
鏤,19,金,p7,"ル, ロウ",ちりばめる
鏤,19,金,q26,"ル, ロウ",ちりばめる
鏨,19,金,p1D,"サン, ザン",たがね
鏨,19,金,s27,"サン, ザン",たがね
鏃,19,金,r1,"ソク, ゾク",やじり
鏝,19,金,pE,マン,こて
鏐,19,金,p1B,リュウ,
鏥,19,金,q26,シュウ,さび
鐚,20,金,p16,"ア, ワ","しころ, びた"
鏗,20,金,p18,コウ,つく
鐔,20,金,p1C,"シン, タン",つば
鐔,20,金,p1D,"シン, タン",つば
鐃,20,金,p13,"ドウ, ニョウ",どら
鐐,20,金,p12,リョウ,あしかせ
鐐,20,金,q18,リョウ,あしかせ
鐓,20,金,q11,タイ,いしづき
鐡,20,金,r9,テツ,くろがね
鐇,20,金,pD,ハン,
鐫,20,金,p11,セン,"える, きる, のみ, ほる"
鐶,21,金,pF,カン,"たまき, わ"
鐺,21,金,p17,"ソウ, ト, トウ","くさり, こじり, こて, なべ"
鐺,21,金,p18,"ソウ, ト, トウ","くさり, こじり, こて, なべ"
鐵,21,金,r9,テツ,くろがね
鑁,22,金,p1,バン,
鑄,22,金,q7,"シュ, シュウ, チュウ",いる
鑒,23,金,q30,カン,"かがみ, かんがみる"
鑠,23,金,r10,シャク,"とかす, とろかす"
鑢,23,金,q6,"リョ, ロ",やすり
鑞,23,金,r15,ロウ,
鑚,23,金,pE,サン,きる
鑚,23,金,q15,サン,きる
鑛,23,金,s23,コウ,あらがね
鑪,24,金,p7,ロ,いろり
鑵,25,金,q15,カン,かま
鑰,25,金,r10,ヤク,かぎ
鑷,26,金,r16,"ジョウ, セツ, ニョウ",けぬき
鑼,27,金,p15,ラ,どら
鑾,27,金,pE,ラン,すず
鑽,27,金,pE,サン,きる
鑽,27,金,q15,サン,きる
钁,28,金,r10,"カク, キャク",
鑿,28,金,q20,サク,"うがつ, のみ"
靜,16,青,s23,"ジョウ, セイ","しず, しずか, しずまる, しずめる"
閂,9,門,pF,"サン, セン",かんぬき
閇,11,門,q8,ヘイ,"しまる, しめる, たてる, とざす, とじる"
閔,12,門,s11,"ビン, ミン","あわれむ, うれえる"
閘,13,門,r17,コウ,ひのくち
閙,13,門,q19,"トウ, ドウ",さわがしい
閠,13,門,q12,"ギョク, ケイ, ジュン",うるう
閨,14,門,p8,"ケ, ケイ",ねや
閧,14,門,q1,コウ,とき
閭,15,門,p6,"リョ, ロ",さと
閻,16,門,p1E,エン,
閼,16,門,p11,"ア, アツ, エン, ヨ","とどめる, ふさぐ"
閼,16,門,r6,"ア, アツ, エン, ヨ","とどめる, ふさぐ"
閹,16,門,p1E,"アン, エン",おおう
閾,16,門,r13,"イキ, キョク, シキ, ヨク","くぎり, しきい"
闊,17,門,r7,カツ,ひろい
闃,17,門,r12,"ケキ, ゲキ","しずか, ひっそり"
闍,17,門,p7,"ジャ, ト",
闍,17,門,p16,"ジャ, ト",
闌,17,門,pE,ラン,"たける, たけなわ, てすり"
闖,18,門,q27,チン,うかがう
闔,18,門,r15,コウ,とびら
闕,18,門,r6,ケツ,かける
關,19,門,pF,カン,"かかわる, からくり, かんぬき, せき"
闡,20,門,s16,セン,みちる
闢,21,門,r11,"ビャク, ヘキ",ひらく
闥,21,門,r7,"タチ, タツ",
隹,8,隹,p4,"サイ, スイ",とり
寉,11,隹,r10,,つる
雎,13,隹,p6,ショ,
雉,13,隹,s4,"ジ, チ",きじ
雍,13,隹,p2,"ユ, ヨウ","ふさぐ, やわらぐ"
雍,13,隹,q2,"ユ, ヨウ","ふさぐ, やわらぐ"
雋,12,隹,s16,"シュン, セン",すぐれる
雕,16,隹,p12,チョウ,"きざむ, ほる, わし"
雖,17,隹,p4,スイ,"いえども, これ"
雜,18,隹,r15,"ザツ, ゾウ","まじえる, まじる"
靠,15,非,q20,コウ,"たがう, もたれる, よる"
靡,19,非,s4,"ヒ, ビ, ミ","ない, なびく, わける"
隶,8,隶,q8,タイ,
隸,17,隶,q8,レイ,"したがう, しもべ"
齊,14,斉,p8,"サイ, セイ","あたる, そろう, はやい, ひとしい, ひとしく"
齊,14,斉,p9,"サイ, セイ","あたる, そろう, はやい, ひとしい, ひとしく"
齊,14,斉,s8,"サイ, セイ","あたる, そろう, はやい, ひとしい, ひとしく"
齎,21,斉,p4,"サイ, シ, セイ","もたらす, もたらす"
齎,21,斉,p8,"サイ, シ, セイ","もたらす, もたらす"
齏,23,斉,p8,"サイ, セイ","あえる, あえもの, なます"
飩,13,食,pD,"トン, ドン",
飫,13,食,q6,"オ, ヨ, ヨウ",あきる
飮,13,食,s26,"イン, オン",のむ
餉,15,食,q23,ショウ,"かれい, かれいい, け, べんとう"
餃,15,食,q19,"キョウ, ギョウ, コウ",
餔,16,食,p7,"フ, ホ","くう, ゆうめし"
餔,16,食,q7,"フ, ホ","くう, ゆうめし"
餒,16,食,s10,"イ, ダイ",うえる
餘,16,食,p6,ヨ,"あます, あまり, あまる"
餝,16,食,r13,"コウ, シキ, ショク","かざる, かざり"
餡,17,食,q30,"アン, カン",
餤,17,食,p1D,タン,
餤,17,食,s27,タン,
餞,17,食,s16,セン,はなむけ
餠,17,食,s23,"ヒョウ, ヘイ","もち, もちい"
餮,18,食,r9,テツ,むさぼる
餬,18,食,p7,コ,かゆ
餽,19,食,q4,キ,おくる
餾,19,食,q26,リュウ,
饉,20,食,q12,キン,うえる
饅,20,食,pE,マン,
饐,21,食,q4,"イ, エイ, エツ","すえる, むせぶ"
饌,21,食,q17,"サン, セン",そなえる
饑,21,食,p5,キ,うえる
饋,21,食,q4,キ,おくる
饒,21,食,p12,"ジョウ, ニョウ",ゆたか
饕,22,食,p14,トウ,むさぼる
韵,13,音,q13,イン,ひびき
韶,14,音,p12,ショウ,
馗,11,首,p4,キ,
馗,11,首,p1B,キ,
馘,17,首,r11,"カク, キョク","くびきる, みみきる"
颯,14,風,r15,"サツ, ソウ",さっと
颱,14,風,pA,タイ,
颶,17,風,q7,"ク, グ",
飄,20,風,p12,ヒョウ,"つむじかぜ, ひるがえる"
飃,20,風,p12,ヒョウ,"つむじかぜ, ひるがえる"
飆,21,風,p12,ヒョウ,つむじかぜ
靤,14,面,q19,ホウ,にきび
靦,16,面,s16,テン,
靨,23,面,r16,ヨウ,えくぼ
飜,21,飛,pD,"ハン, ホン","ひるがえす, ひるがえる"
靱,12,革,q12,"サ, サイ, サツ, ジン, ニン","うつお, うつぼ, しなやか, ゆぎ"
靫,12,革,p9,"サ, サイ, サツ, ジン, ニン","うつお, うつぼ, しなやか, ゆぎ"
靫,12,革,p16,"サ, サイ, サツ, ジン, ニン","うつお, うつぼ, しなやか, ゆぎ"
靼,14,革,s14,"タチ, タツ, タン","なめす, なめしがわ"
鞁,14,革,s4,ヒ,
靺,14,革,r7,"バツ, マツ",
鞅,14,革,p17,"オウ, ヨウ",むながい
鞅,14,革,s22,"オウ, ヨウ",むながい
鞋,15,革,p9,"アイ, カイ","くつ, わらじ"
鞏,15,革,s2,キョウ,かたい
鞜,17,革,r15,トウ,くつ
鞦,18,革,p1B,シュウ,"しりがい, ふらんに"
鞳,18,革,r15,トウ,
鞨,18,革,r7,"カツ, ガチ, セツ, ゼチ",かわぐつ
鞣,18,革,p1B,"ジュウ, ニュウ","なめす, なめしがわ"
鞣,18,革,q26,"ジュウ, ニュウ","なめす, なめしがわ"
鞴,19,革,q4,"ヒ, ビ, フク",ふいご
韃,22,革,r7,"タツ, ダツ",
韈,23,革,r6,"バツ, ベツ, マチ, モチ",しとうず
韆,24,革,p11,セン,
馥,18,香,r1,"クク, ヒョク, フク","か, かおる"
韭,9,韭,s25,"キュウ, ク",
韲,19,韭,p8,"サイ, セイ","あえる, あえもの, なます"
韋,10,韋,p5,イ,そむく
韜,20,韋,p14,トウ,"つつむ, ゆぶくろ, ゆみぶくろ"
髞,23,高,q20,ソウ,
馮,12,馬,p1,"ヒョウ, フ, フウ","たのむ, よる"
馮,12,馬,p1A,"ヒョウ, フ, フウ","たのむ, よる"
馭,12,馬,q6,ギョ,
馼,14,馬,pC,"ブン, モン",
駟,15,馬,q4,シ,
駛,15,馬,s4,シ,"はせる, はやい"
駑,15,馬,p7,ド,にぶい
駘,15,馬,pA,タイ,
駘,15,馬,s10,タイ,
駝,15,馬,p15,"タ, ダ",せむし
駮,16,馬,r3,"カク, ハク","ぶち, まだら"
駱,16,馬,r10,ラク,かわらげ
駭,16,馬,s9,"カイ, ガイ","おどろかす, おどろく"
駢,16,馬,p11,ヘン,ならぶ
駢,16,馬,p19,ヘン,ならぶ
駻,17,馬,q15,カン,
騁,17,馬,s23,テイ,はせる
駸,17,馬,p1C,シン,
騅,18,馬,p4,スイ,あしげ
騏,18,馬,p4,キ,
騙,19,馬,q17,ヘン,"かたる, だます"
騫,20,馬,p11,ケン,
驀,20,馬,r11,バク,
騷,20,馬,p14,ソウ,"うれい, さわぐ, さわがしい"
驂,21,馬,p1D,サン,そえうま
驃,21,馬,p12,ヒョウ,
驃,21,馬,q18,ヒョウ,
騾,21,馬,p15,ラ,
驅,21,馬,p7,ク,"かける, かる"
驅,21,馬,q7,ク,"かける, かる"
驕,22,馬,p12,キョウ,おごる
驍,22,馬,p12,"キョウ, ギョウ","たけし, つよい"
驛,23,馬,r11,エキ,
驗,23,馬,q29,"ケン, ゲン","あかし, しるし, ためす, ためし"
驟,24,馬,q26,シュウ,"にわか, はせる"
驥,26,馬,q4,キ,
驢,26,馬,p6,"リョ, ロ",うさぎうま
驤,27,馬,p17,"ショウ, ジョウ",あがる
驩,27,馬,pE,カン,よろこぶ
驪,29,馬,p4,"リ, レイ",
驪,29,馬,p8,"リ, レイ",
驫,30,馬,p12,ショウ,
驫,30,馬,p1B,ショウ,
驫,30,馬,r14,ショウ,
骭,13,骨,q15,カン,はぎ
骰,14,骨,p1B,トウ,さい
骼,16,骨,r11,カク,
髀,18,骨,s4,"ヒ, ヘイ",もも
髏,21,骨,p1B,ロ,
髑,23,骨,r1,"トク, ドク",
髓,23,骨,s4,ズイ,
體,23,骨,s8,"タイ, テイ","かたち, からだ"
魃,15,鬼,r7,"ハツ, バツ",
魄,15,鬼,r10,"タク, ハク",たましい
魍,18,鬼,s22,"ボウ, モウ",
魎,18,鬼,s22,リョウ,こだま
魏,18,鬼,q5,ギ,たかい
魑,21,鬼,p4,チ,すだま
魘,24,鬼,s28,"エン, ヨウ",うなされる
髟,10,髟,p12,"ヒュウ, ヒョウ",
髟,10,髟,p1B,"ヒュウ, ヒョウ",
髟,10,髟,p1F,"ヒュウ, ヒョウ",
髢,13,髟,q8,"セキ, テイ",かもじ
髦,14,髟,p14,"ボウ, モウ",たれがみ
髣,14,髟,s22,ホウ,
髫,15,髟,p12,チョウ,"うない, うなる"
髯,15,髟,p1E,ゼン,ひげ
髴,15,髟,q5,フツ,
髱,15,髟,q19,ホウ,たぼ
髮,15,髟,r6,ハツ,かみ
髻,16,髟,q8,"キツ, ケイ","たぶさ, みずら, もとどり"
髷,16,髟,r2,キョク,"まげ, わげ"
鬆,18,髟,p2,"シュ, ショウ, ソウ",
鬘,21,髟,pF,"バン, マン",かつら
鬚,22,髟,p7,"シュ, ス",ひげ
鬟,23,髟,pF,カン,"みずら, わげ"
鬢,24,髟,q12,"ヒン, ビン",
鬣,25,髟,r16,リョウ,たてがみ
鬯,10,鬯,q23,チョウ,かおりぐさ
鬥,10,鬥,q26,,
鬧,15,鬥,q19,"トウ, ドウ",さわがしい
鬨,16,鬥,q1,"グ, コウ",とき
鬩,18,鬥,r12,"カク, ケキ, ゲキ",せめぐ
鬪,20,鬥,s25,トウ,"あらそう, たたかう"
鬮,26,鬥,p1B,キュウ,くじ
鬲,10,鬲,r11,"カク, レキ","かなえ, へだてる"
鬻,22,鬲,r1,"イク, シュク","かい, かゆ, ひさぐ"
龕,22,龍,p1D,"カン, ガン",れい
魴,15,魚,p17,ホウ,"おしきうお, かがみたい, かがみだい"
鮃,16,魚,p18,"ヒョウ, ヘイ",ひらめ
鮓,16,魚,s21,サ,すし
鮑,16,魚,s18,"ホ, ホウ",あわび
鮟,17,魚,q15,アン,
鮨,17,魚,p4,"キ, シ",すし
鮨,17,魚,q8,"キ, シ",すし
鮠,17,魚,pA,"カイ, ガイ, ゲ","はえ, はや"
鯀,18,魚,s13,コン,
鯊,18,魚,p16,"サ, シャ","さめ, はぜ"
鮹,18,魚,p12,"ショウ, ソウ",たこ
鮹,18,魚,p13,"ショウ, ソウ",たこ
鯆,18,魚,p7,"フ, ホ",いるか
鯆,18,魚,s7,"フ, ホ",いるか
鯣,19,魚,r11,エキ,するめ
鯢,19,魚,p8,ゲイ,さんしょううお
鯤,19,魚,pD,コン,
鯡,19,魚,p5,ヒ,"にしん, はららご"
鯡,19,魚,q5,ヒ,"にしん, はららご"
鯔,19,魚,p4,シ,"とど, ぼら"
鯰,19,魚,p1E,ネン,なまず
鰓,20,魚,pA,"サイ, シ",えら
鰉,20,魚,p17,コウ,"ちょうざめ, ひがい"
鰔,20,魚,p1F,カン,"かれい, たら"
鰔,20,魚,s27,カン,"かれい, たら"
鰕,20,魚,p16,カ,えび
鰌,20,魚,p1B,"シュ, シュウ",どじょう
鰈,20,魚,r15,"チョウ, トウ",かれい
鰆,20,魚,pB,シュン,さわら
鰒,20,魚,r1,フク,"あわび, ふぐ"
鰊,20,魚,q17,レン,にしん
鰄,20,魚,p5,イ,かいらぎ
鰥,21,魚,pF,"カン, コン","やもお, やもめ"
鰤,21,魚,p4,"シ, ソウ","かます, はまち, ぶり"
鰡,21,魚,p1B,"リュウ, ル",ぼら
鰺,22,魚,p14,ソウ,あじ
鱆,22,魚,p17,ショウ,たこ
鰾,22,魚,s17,ヒョウ,"うきぶくろ, ふえ"
鰲,22,魚,p14,ゴウ,おおがめ
鱠,24,魚,q9,"カイ, ケ","えそ, なます"
鱧,24,魚,s8,レイ,はも
鱶,26,魚,s22,"ショウ, ヨウ","ひもの, ふか"
鱸,27,魚,p7,ロ,すずき
黌,25,黄,p18,"オウ, コウ",
黔,16,黒,p1C,"キン, ケン",くろい
黔,16,黒,p1E,"キン, ケン",くろい
默,16,黒,r13,"ボク, モク","だまる, もだす"
黜,17,黒,r4,チュツ,しりぞける
黝,17,黒,s25,ユウ,あおぐろ
點,17,黒,s28,テン,"さす, たてる, つく, つける, とぼす, ともす, ぼち"
黠,18,黒,r8,カツ,"さとい, わるがしこい"
黥,20,黒,p18,"ケイ, ゲイ",いれずみ
黨,20,黒,s22,トウ,"なかま, むら"
黯,21,黒,p1F,アン,くらい
黯,21,黒,s29,アン,くらい
黴,23,黒,p4,"バイ, ビ, マイ, ミ","かびる, かび, かびる"
黶,26,黒,s28,"アン, エン",ほくろ
黷,27,黒,r1,トク,"けがす, けがれる"
鳬,9,鳥,p7,フ,"かも, けり"
鳧,13,鳥,p7,フ,"かも, けり"
鳫,13,鳥,q16,ガン,"かり, かりがね"
鴈,15,鳥,q16,ガン,"かり, かりがね"
鴉,16,鳥,p16,ア,からす
鴃,15,鳥,r12,"ケイ, ケキ, ケツ, ゲキ",もず
鴆,15,鳥,q27,チン,
鴦,16,鳥,p17,オウ,
鴟,16,鳥,p4,シ,とび
鴒,16,鳥,p19,レイ,
鴕,16,鳥,p15,"タ, ダ",
鴣,16,鳥,p7,コ,
鴪,16,鳥,r4,イツ,
鵄,17,鳥,p4,シ,とび
鴿,17,鳥,r15,コウ,"どばと, はと"
鵁,17,鳥,p13,コウ,
鴾,17,鳥,p1B,ボウ,とき
鵝,18,鳥,p15,ガ,
鵞,18,鳥,p15,ガ,
鵑,18,鳥,p11,ケン,
鵙,18,鳥,r12,"ケキ, ゲキ",もず
鵐,18,鳥,p7,"ブ, ム",
鵲,19,鳥,r10,"シャク, ジャク",かささぎ
鶉,19,鳥,pB,"シュン, ジュン",うずら
鵺,19,鳥,q22,"コウ, ヤ",ぬえ
鶇,19,鳥,p1,"ツ, トウ",つぐみ
鵯,19,鳥,p4,"ヒ, ヒツ",ひよどり
鵯,19,鳥,r4,"ヒ, ヒツ",ひよどり
鶚,20,鳥,r10,ガク,みさご
鶤,20,鳥,pD,"ウン, コン","しゃも, とうまる"
鶤,20,鳥,q13,"ウン, コン","しゃも, とうまる"
鶩,20,鳥,q7,"ブ, ボク, ム",あひる
鶯,21,鳥,p18,オウ,うぐいす
鶲,21,鳥,p1,,ひたき
鷁,21,鳥,r12,ゲキ,
鶻,21,鳥,r6,"カツ, コツ",はやぶさ
鶺,21,鳥,r11,セキ,
鷆,21,鳥,pB,"シン, テン",かすい
鷆,21,鳥,p11,"シン, テン",かすい
鶸,21,鳥,r10,ジャク,ひわ
鷂,21,鳥,p12,ヨウ,はいたか
鷂,21,鳥,q18,ヨウ,はいたか
鷄,21,鳥,p8,ケイ,"とり, にわとり"
鷏,21,鳥,pB,"シン, テン",かすい
鷏,21,鳥,p11,"シン, テン",かすい
鷙,22,鳥,q4,"ゴウ, シ, チツ",
鷓,22,鳥,q22,シャ,
鷸,23,鳥,r4,イツ,しぎ
鷦,23,鳥,p12,ショウ,
鷯,23,鳥,p12,リョウ,
鷯,23,鳥,q18,リョウ,
鷭,23,鳥,pD,"ハン, バ",ばん
鷽,24,鳥,r3,"アク, カク",うそ
鸚,28,鳥,p18,"イン, オウ, ヨウ",
鸛,28,鳥,q15,カン,こうのとり
鸞,30,鳥,pE,ラン,
麁,13,鹿,p7,ソ,あらい
麁,13,鹿,s7,ソ,あらい
麈,16,鹿,s7,"シュ, ス",おおじか
麋,17,鹿,p4,ビ,なれしか
麌,18,鹿,p7,"グ, ゴ",おじか
麌,18,鹿,s7,"グ, ゴ",おじか
麒,19,鹿,p4,キ,
麕,19,鹿,pB,"キン, クン",のろ
麕,19,鹿,pC,"キン, クン",のろ
麑,19,鹿,p8,"ゲイ, ベイ","かのこ, こじか"
麝,21,鹿,q22,"シャ, ジャ",
麾,15,麻,p4,キ,"さしずばた, さしまねく"
鹵,11,鹵,s7,ロ,"しお, しおち, たて"
鹹,20,鹵,p1F,"カン, ダイ","からい, しおからい, しおけ, せいしゅ"
鹽,25,鹵,p1E,エン,しお
鹽,25,鹵,q29,エン,しお
龜,18,亀,p4,"キ, キュウ, キン",かめ
龜,18,亀,p1B,"キ, キュウ, キン",かめ
齒,15,歯,s4,シ,"は, よわい, よわい, よわいする"
齔,17,歯,s12,"シン, ソン, トン",かけば
齣,20,歯,r4,"シャク, シュツ, セキ",こま
齟,20,歯,p16,"サ, ショ, ソ",かむ
齟,20,歯,s6,"サ, ショ, ソ",かむ
齠,20,歯,p12,チョウ,
齡,20,歯,p19,レイ,"とし, よわい"
齦,21,歯,pC,"ギン, コン",はぐき
齦,21,歯,s13,"ギン, コン",はぐき
齧,21,歯,r9,"ケツ, ゲツ","かむ, かじる"
齬,22,歯,p6,ゴ,
齬,22,歯,p7,ゴ,
齬,22,歯,s6,ゴ,
齪,22,歯,r1,"サク, シュウ, シュク, セク, ソク",せまる
齷,24,歯,r3,アク,
齲,24,歯,s7,"ウ, ク",むしば
齶,24,歯,r10,ガク,"あご, はぐき"
黎,15,黍,p8,"リ, レイ",くろい
黏,17,黍,p1E,ネン,"ねばり, ねばる"
黐,23,黍,p4,"チ, リ",もち
黹,12,黹,s4,チ,"ぬいとり, ぬう"
黻,17,黹,r5,フツ,あや
黼,19,黹,s7,"フ, ホ",あや
鼕,18,鼓,p2,トウ,
鼡,8,鼠,s6,"ショ, ソ","ねず, ねずみ"
鼬,18,鼠,q26,"ユ, ユウ",いたち
黽,13,黽,s11,"ビン, ベン, ボウ, ミン, メン","あおがえる, つとめる"
鼇,24,黽,p14,ゴウ,
鼈,25,黽,r9,"ヘツ, ベツ",すっぽん
鼾,17,鼻,pE,カン,いびき
鼾,17,鼻,q15,カン,いびき
龠,17,龠,r10,ヤク,ふえ
